순번,분류,교육명,시간
1,한기대 온라인,3D 프린터를 활용한 실내건축 모형 제작,5.8
2,한기대 온라인,AutoCAD를 활용한 건축설계 3D 모델링,5.2
3,한기대 온라인,BIM기반의 품질검토,4.2
4,한기대 온라인,BIM을 활용한 시각화 표현,4.8
5,한기대 온라인,Photoshop을 활용한 2D 건축설계 도서 시각화,5.2
6,한기대 온라인,Scan To BIM 역설계 기술,3.6
7,한기대 온라인,SketchUp을 활용한 시각화 표현,4.4
8,한기대 온라인,실내건축 2D도면작성,5.2
9,한기대 온라인,실내건축 3D모델링,5
10,한기대 온라인,실내건축 조명 계획,3.8
11,한기대 온라인,ESG 전략과 지속가능발전,6.4
12,한기대 온라인,공급체인관리론 (2023년),6.4
13,한기대 온라인,실전에 강해지는 인사노무 A to Z (2023년),7.8
14,한기대 온라인,알기 쉬운 광고이야기,4.6
15,한기대 온라인,5축 가공기 조작,4.6
16,한기대 온라인,CNC 밀링 5축 가공 CAM 프로그래밍,5.4
17,한기대 온라인,PLC 응용[필드버스](MELSEC) (2023년),5.8
18,한기대 온라인,PLC제어Ⅰ(2023년),19.4
19,한기대 온라인,XGI PLC & HMI 연동 제어,7
20,한기대 온라인,XGI PLC 기초(부제: XGI PLC를 이용한 시퀀스제어),5.2
21,한기대 온라인,XGK PLC & HMI 연동 제어,5.8
22,한기대 온라인,XGK PLC 서보 제어,4.2
23,한기대 온라인,기계설계 원가산정 (2023년),4.2
24,한기대 온라인,기계요소설계 도면검토 (2023년),5.6
25,한기대 온라인,기계재료 및 열처리기초 (2023년),8
26,한기대 온라인,동력전달 요소설계 (2023년),4.6
27,한기대 온라인,드론 설계 및 제작,6
28,한기대 온라인,드론 항법 제어 기술,5.2
29,한기대 온라인,디젤 전자제어 장치 정비 (2023년),5.4
30,한기대 온라인,레이저 가공 조작 및 가공,4.4
31,한기대 온라인,밀링가공 도면해독 (2023년),7
32,한기대 온라인,배출가스장치정비·검사 (2023년),5.8
33,한기대 온라인,비행 제어 컴퓨터,5.2
34,한기대 온라인,사출금형 2D도면작성 (2023년),7.4
35,한기대 온라인,선반가공 도면해독 (2023년),6.2
36,한기대 온라인,수소 연료전지 & 고전압 전력장치 냉각시스템 정비,3.8
37,한기대 온라인,수소 연료전지 시스템(셀·스택) 정비,4.8
38,한기대 온라인,수소자동차 고전압 배터리 및 제어 시스템 정비,5.2
39,한기대 온라인,수소자동차 고전압 배터리팩 및 전력 분배·변환장치 정비,3.6
40,한기대 온라인,수소자동차 고전압제어시스템 정비,7.8
41,한기대 온라인,스마트 제조와 최적화,10
42,한기대 온라인,스마트팩토리 경영정보시스템,6.8
43,한기대 온라인,스마트팩토리 기능 설계,6
44,한기대 온라인,스마트팩토리 디지털 활용 및 관리,3.8
45,한기대 온라인,오토캐드를 활용한 2D도면작업,9
46,한기대 온라인,요소부품 재질선정 (2023년),7.2
47,한기대 온라인,유연생산시스템(FMS)과 성형가공 최적화 기술,7
48,한기대 온라인,인벤터를 활용한 3D형상모델링검토(조립도면편),5.4
49,한기대 온라인,인벤터를 활용한 3D형상모델링작업(모델링편),5.4
50,한기대 온라인,자동차 등화장치 전기회로 정비,4.4
51,한기대 온라인,자동차 엔진 본체 정비,6.2
52,한기대 온라인,자동화를 위한 센서 기술,3.6
53,한기대 온라인,전기자동차 고전압 배터리 모듈 시스템 정비,4.6
54,한기대 온라인,전기자동차 고전압 배터리 및 전력장치 냉각시스템 정비,4.2
55,한기대 온라인,"전기자동차 고전압 배터리 충전시스템(OBC, ICCU) 정비",6
56,한기대 온라인,"전기자동차 고전압 전력변환시스템(MCU, LDC) 정비",4.2
57,한기대 온라인,전기자동차 공조(히트펌프)시스템 정비,5.8
58,한기대 온라인,전기자동차 전기장치 정비 (2023년),7
59,한기대 온라인,전기자동차 전력 변환장치 정비,4.8
60,한기대 온라인,전기자동차 제동시스템 정비,4
61,한기대 온라인,전기차 전기기기 특성과 설계방향,6.4
62,한기대 온라인,전기차와 내연기관차 비교,6.6
63,한기대 온라인,프레스금형 3D 모델링 Part.1,5.2
64,한기대 온라인,프레스금형설계 도면해독 part 1 (2023년),4.4
65,한기대 온라인,하이브리드 고전압장치 정비 (2023년),6.2
66,한기대 온라인,형상가공작업(밀링가공),5
67,한기대 온라인,형상가공작업(선반가공),4.8
68,한기대 온라인,형상가공작업(연삭가공),4.6
69,한기대 온라인,형상모델링 작업 - 솔리드웍스를 통한 자동화장비 제품개발,8.2
70,한기대 온라인,3D 모델링(라이노) (2023년),5.8
71,한기대 온라인,6mm 캠코더 예능촬영,4.6
72,한기대 온라인,Premiere Pro를 활용한 멀티카메라 편집,3.8
73,한기대 온라인,VR 콘텐츠 기획,5.6
74,한기대 온라인,VR 콘텐츠 레벨 디자인,5.8
75,한기대 온라인,VR 콘텐츠 시스템 기획,6.2
76,한기대 온라인,감각적인 영상을 위한 모션그래픽 만들기,3.8
77,한기대 온라인,그래픽 아트웍 실무 활용,5.4
78,한기대 온라인,레이아웃 디자인,3.8
79,한기대 온라인,메타버스 사용자 경험 디자인,5.2
80,한기대 온라인,미디어 콘텐츠의 이해,6.2
81,한기대 온라인,미러리스 카메라 광고영상 촬영,4.8
82,한기대 온라인,사진으로 완성하는 미디어 프로젝트,4.2
83,한기대 온라인,시선을 잡는 사진촬영,4.6
84,한기대 온라인,실내디자인 색채 계획,6
85,한기대 온라인,실습으로 완성하는 Illustrator CC 2023,4.2
86,한기대 온라인,아이덴티티 디자인 개발,6.8
87,한기대 온라인,알기 쉬운 조명활용법,3.6
88,한기대 온라인,애니메이트를 활용한 캐릭터 애니메이션,3.8
89,한기대 온라인,영상작업을 위한 2D 그래픽요소 작업,6
90,한기대 온라인,영상편집의 이해,4
91,한기대 온라인,예능콘텐츠 기획,3.8
92,한기대 온라인,오디션을 활용한 사운드 이펙트,5.4
93,한기대 온라인,"웹,앱 전자책 포트폴리오 제작",6.6
94,한기대 온라인,이모티콘 제작 올인원 가이드,5.4
95,한기대 온라인,캐릭터 가이드북 & 굿즈 디자인 제작,5.6
96,한기대 온라인,크로스미디어 콘텐츠 제작,3.6
97,한기대 온라인,크리에이티브한 광고기획,4.2
98,한기대 온라인,타이포그래피 디자인,4
99,한기대 온라인,프리미어와 애프터이펙트를 활용한 영상 마스터,6
100,한기대 온라인,소화기 사용 / 비상구호 구급방법 (2023년),3.6
101,한기대 온라인,프로젝트 관리,10
102,한기대 온라인,드론 시스템 이해,6
103,한기대 온라인,AVR을 활용한 마이컴 제어(기본) (2023년),6
104,한기대 온라인,C&C 공정 장비 운영,6.2
105,한기대 온라인,Etch 공정장비 운영,5.8
106,한기대 온라인,LED 동작 및 구동 개론 (2023년),12
107,한기대 온라인,MI 공정 장비 운영,5
108,한기대 온라인,ROS2로 배우는 로봇 소프트웨어 프로그래밍 심화,6.4
109,한기대 온라인,ROS2로 배우는 로봇 소프트웨어 프로그래밍 입문,6.4
110,한기대 온라인,다중 로봇 제어 시스템 설계 및 구현,6.4
111,한기대 온라인,디지털 시스템 설계 및 실습 Ⅰ,6.8
112,한기대 온라인,디지털 시스템 설계 및 실습 Ⅱ,7
113,한기대 온라인,로봇 머니퓰레이터를 활용한 작업 시뮬레이션,6
114,한기대 온라인,로봇 센서 신호와 최적 추정,5.6
115,한기대 온라인,로봇 시뮬레이터 개발 실무,5.6
116,한기대 온라인,로봇 시뮬레이터 개발 입문,6
117,한기대 온라인,로봇 시스템 통합,5.4
118,한기대 온라인,로봇시스템 기반 데이터 수집 및 분석,5.6
119,한기대 온라인,리튬이차전지 극판 제조기술 및 실습,3.6
120,한기대 온라인,박막 확산 공정장비 운영,6.6
121,한기대 온라인,반도체 장비 Wiring 설계,3.8
122,한기대 온라인,반도체 장비 고청정 기술,4.4
123,한기대 온라인,반도체 장비 공정부 설계,7
124,한기대 온라인,반도체 장비 구동부 설계,4.2
125,한기대 온라인,반도체 장비 레이아웃 설계,4.4
126,한기대 온라인,반도체 장비 보드 로직 설계,4.2
127,한기대 온라인,반도체 장비 유틸리티 설계,5.6
128,한기대 온라인,반도체 장비 전장 모듈 설계,4.2
129,한기대 온라인,반도체 장비 전장 배치도 설계,4
130,한기대 온라인,반도체 장비 제작 유지보수,4.6
131,한기대 온라인,반도체 장비 주변기기 설계,4.2
132,한기대 온라인,반도체 장비 주요부 설계,3.8
133,한기대 온라인,반도체 제조 공정 개발 part 1 (2023년),6.6
134,한기대 온라인,반도체 제조 공정 개발 part 2 (2023년),6.4
135,한기대 온라인,배전설비공학 (2023년),6.2
136,한기대 온라인,배터리 평가 기술 및 실습,5
137,한기대 온라인,배터리 화성 기술 및 실습,6.8
138,한기대 온라인,비상발전기 운전과 유지관리,6.2
139,한기대 온라인,산업현장에서 알아야 할 전기기초,4.2
140,한기대 온라인,시뮬레이션을 통한 제조 시스템 분석 및 최적화,6.6
141,한기대 온라인,시스템 반도체 개론,5
142,한기대 온라인,에너지저장장치(ESS) 운영 실무,5
143,한기대 온라인,자율주행 로봇 입문,5.6
144,한기대 온라인,자율주행차 환경인지센서 후처리 기술,6
145,한기대 온라인,재미있게 배우는 전기전자공학 (2023년),8.2
146,한기대 온라인,재미있게 배우는 전기회로 (2023년),16.4
147,한기대 온라인,전기 CAD 설계 및 자재리스트 자동 산출,6.2
148,한기대 온라인,전기공사 현장 공무실무,7.4
149,한기대 온라인,전기설비 계측장비 운영 실무,7.2
150,한기대 온라인,전기설비 사용전 검사실무,5.6
151,한기대 온라인,전기자기학 Ⅰ (2023년),8.4
152,한기대 온라인,전기자기학 Ⅱ (2023년),8.6
153,한기대 온라인,전기자동차 충전설비 시공 기술,6.4
154,한기대 온라인,전기차 에너지 저장장치,5.8
155,한기대 온라인,전기차 전기기기 제어,6
156,한기대 온라인,전기차 전력변환기기 특성과 설계방향,6
157,한기대 온라인,전자 제어 시스템(계측기 관련),7.6
158,한기대 온라인,"전자관, 반도체소자 제조업 안전보건 실무",7
159,한기대 온라인,정보통신기기 아날로그 회로 설계 part 1 (2023년),6.2
160,한기대 온라인,조명설비공사 part 1 (2023년),13
161,한기대 온라인,테스트 공정 장비 운영,3.8
162,한기대 온라인,파우치 전지 조립 기술 및 실습,3.6
163,한기대 온라인,패키징 공정 장비 운영,5.6
164,한기대 온라인,포토 공정 장비 운영,5.2
165,한기대 온라인,4차 산업혁명 신산업 기술 이해 (2023년),7
166,한기대 온라인,AR/VR 추정 기술 개발,5.6
167,한기대 온라인,Docker 기초,6
168,한기대 온라인,Kubernetes 기초,6
169,한기대 온라인,OpenStack 활용,5.6
170,한기대 온라인,Proxmox를 이용한 사설 클라우드 컴퓨팅 환경 구축 및 운영,4.8
171,한기대 온라인,R 비즈니스 분석 기초,6.6
172,한기대 온라인,VR 콘텐츠 패키징과 배포,5.4
173,한기대 온라인,vSphere를 이용한 엔터프라이즈 사설 클라우드 구축 및 운영,5
174,한기대 온라인,XR 고급과정(A) 빌보드 스튜디오 구현,12
175,한기대 온라인,XR 고급과정(B) 레벨 커스텀 스튜디오,10.8
176,한기대 온라인,XR 스튜디오 통합 구현,6.4
177,한기대 온라인,XR 제작과 라이브 방송,5.6
178,한기대 온라인,XR 환경을 위한 VR 쇼룸 구현,5.8
179,한기대 온라인,가상공간정합기술,5.4
180,한기대 온라인,가상현실 기반 메타버스 서비스 디자인,6.2
181,한기대 온라인,가상현실 메타버스 서비스 기초,7.4
182,한기대 온라인,가상현실(VR) 3D 그래픽과 애니메이션,6
183,한기대 온라인,가상현실(VR) 그래픽 디자인 심화,5.4
184,한기대 온라인,공간 인식기반 데이터 수집 및 분석 플랫폼,7.8
185,한기대 온라인,공간 인식기반 시스템 운영 및 관리,6.6
186,한기대 온라인,기계학습 데이터셋과 모델 개발,7.6
187,한기대 온라인,기계학습 데이터의 수집 및 분석,6.4
188,한기대 온라인,대용량 데이터 엔지니어링,6
189,한기대 온라인,대용량 분석 데이터 처리,5.4
190,한기대 온라인,데이터 거버넌스 설계,5.4
191,한기대 온라인,데이터 관점에서의 인공지능(AI),8
192,한기대 온라인,데이터 구축 및 분석,6.6
193,한기대 온라인,데이터 분석 SW 활용,6.6
194,한기대 온라인,데이터 서비스 기획,9.2
195,한기대 온라인,데이터 아키텍처 구축을 위한 요구사항,6
196,한기대 온라인,데이터 아키텍처 모델 참조 방법,5.6
197,한기대 온라인,데이터 아키텍처 설계,5.4
198,한기대 온라인,데이터 저장 기술과 관리,6.4
199,한기대 온라인,데이터 전처리 실습 및 활용,11.8
200,한기대 온라인,데이터 카탈로그 작성,5.6
201,한기대 온라인,데이터 파이프라인,6.8
202,한기대 온라인,데이터 표준화 모델링,5.8
203,한기대 온라인,데이터베이스 (2023년),27.4
204,한기대 온라인,데이터베이스와 SQL,6.8
205,한기대 온라인,디지털 트윈 기술 개발,7.8
206,한기대 온라인,마이크로프로세서 및 실습 (2023년),9.4
207,한기대 온라인,머신러닝과 딥러닝,7.8
208,한기대 온라인,머신러닝을 통한 데이터 분석,5.4
209,한기대 온라인,메타데이터 도출과 프레임워크 설계,6.4
210,한기대 온라인,메타버스 UI/UX 기술 개발,7
211,한기대 온라인,메타버스 구축 프로젝트,7.4
212,한기대 온라인,메타버스 동기화 기술 개발,6.4
213,한기대 온라인,메타버스 멀티-상호작용 기술 개발,9
214,한기대 온라인,메타버스 상호작용 기술 개발,8.6
215,한기대 온라인,메타버스 스토리텔링,9.4
216,한기대 온라인,메타버스 시스템,9.6
217,한기대 온라인,메타버스 자원관리,5.6
218,한기대 온라인,메타버스 콘텐츠 개발,7.6
219,한기대 온라인,메타버스 콘텐츠 프로그래밍,5.2
220,한기대 온라인,분석 데이터 관리자를 위한 분석용 데이터 처리 응용,6.6
221,한기대 온라인,분석용 데이터 품질 관리,6.2
222,한기대 온라인,분석용 데이터 획득 전략 기초,6.2
223,한기대 온라인,빅데이터 개론,6.4
224,한기대 온라인,빅데이터 활용 캡스톤,9.2
225,한기대 온라인,소셜네트워크 분석 (2023년),6.8
226,한기대 온라인,시각딥러닝을 이용한 영상처리,8.4
227,한기대 온라인,실감 콘텐츠 기획,5.8
228,한기대 온라인,실감 콘텐츠 서비스 관리,5.6
229,한기대 온라인,실감 콘텐츠 제작,6.4
230,한기대 온라인,실감 콘텐츠 촬영,6.2
231,한기대 온라인,실감 콘텐츠 편집,6.6
232,한기대 온라인,알고리즘 (2023년),18.6
233,한기대 온라인,웹 크롤링,11.4
234,한기대 온라인,웹기반 메타버스 가상공간 모델링 및 구현,5.6
235,한기대 온라인,위치 추정(SLAM) 기술 설계 및 개발,6
236,한기대 온라인,위치 측위 기반 애플리케이션 설계 및 개발,5.6
237,한기대 온라인,위치 측위 응용 서비스,6
238,한기대 온라인,이산수학 (2023년),20.8
239,한기대 온라인,인공지능 모델러를 위한 분석용 데이터 처리 응용,6.6
240,한기대 온라인,인공지능(AI) 데이터 분석,7
241,한기대 온라인,인공지능(AI) 모델 검증을 통한 고도화,6.4
242,한기대 온라인,인공지능(AI) 모델 관리,6
243,한기대 온라인,인공지능(AI) 모델 구조 및 학습 구현,7
244,한기대 온라인,인공지능(AI) 모델 분석,8
245,한기대 온라인,인공지능(AI) 모델 프로그래밍,6.8
246,한기대 온라인,인공지능(AI) 서비스 구현,6.4
247,한기대 온라인,인공지능(AI) 서비스 모델 설계(구성요소분석),6
248,한기대 온라인,인공지능(AI) 서비스 모델 설계(모델 검증),6
249,한기대 온라인,인공지능(AI) 서비스 모델 설계(모델 정의),6
250,한기대 온라인,인공지능(AI) 서비스 모델 설계(모델 확정),4.2
251,한기대 온라인,인공지능(AI) 서비스 목표 수립(목표 설정 방안과 사례),5.4
252,한기대 온라인,인공지능(AI) 서비스 목표 수립(목표 항목 정의 및 데이터 수집),3.8
253,한기대 온라인,인공지능(AI) 서비스 목표 수립(이해와 방향 설정),5.2
254,한기대 온라인,인공지능(AI) 서비스 성과 평가 기획(평가 기준 기획),6.4
255,한기대 온라인,인공지능(AI) 서비스 성과 평가 기획(평가 방법 기획),4.2
256,한기대 온라인,인공지능(AI) 서비스 성과 평가 기획(평가 실행 기획),5.6
257,한기대 온라인,인공지능(AI) 서비스 성과 평가 기획(평가 피드백 기획),3.8
258,한기대 온라인,인공지능(AI) 서비스 시나리오 기획,5.8
259,한기대 온라인,인공지능(AI) 서비스 실행 계획 수립(운영 개론),7.8
260,한기대 온라인,인공지능(AI) 서비스 실행 계획 수립(운영 비용 관리),9.6
261,한기대 온라인,인공지능(AI) 서비스 실행 계획 수립(위험 관리),6.6
262,한기대 온라인,인공지능(AI) 서비스 요구사항 분석,8
263,한기대 온라인,인공지능(AI) 서비스 입문,8.2
264,한기대 온라인,인공지능(AI) 서비스 환경분석,7.6
265,한기대 온라인,인공지능(AI) 서비스를 위한 데이터 수집 및 관리,6.6
266,한기대 온라인,인공지능(AI) 서비스를 위한 데이터 처리시스템 설계,6
267,한기대 온라인,인공지능(AI) 예측 모듈 구현,6.4
268,한기대 온라인,인공지능(AI) 플랫폼 개발을 위한 데이터 엔지니어링,6
269,한기대 온라인,인공지능(AI) 플랫폼 구현,6.8
270,한기대 온라인,인공지능(AI) 플랫폼 설계,7
271,한기대 온라인,인공지능(AI) 플랫폼 통합과 유지보수,7.6
272,한기대 온라인,인공지능(AI) 플랫폼 품질 관리,10
273,한기대 온라인,인터랙티브 VR 음향제작,5.8
274,한기대 온라인,정보 보안 보호법 (2023년),7.6
275,한기대 온라인,제조 빅데이터 수집 및 구조화,6
276,한기대 온라인,증강현실 메타버스 기획,8.2
277,한기대 온라인,증강현실(AR) 공간 데이터 실무,6.2
278,한기대 온라인,증강현실(AR) 서비스 기획,6.8
279,한기대 온라인,증강현실(AR) 콘텐츠 개발,5.8
280,한기대 온라인,증강현실(AR) 콘텐츠 제작,6.2
281,한기대 온라인,컴퓨터시스템 (2023년),19.2
282,한기대 온라인,클라우드 보안 구축,4.4
283,한기대 온라인,클라우드 보안 운영,8
284,한기대 온라인,탐색적 데이터 분석,13
285,한기대 온라인,텍스트 마이닝,7.6
286,한기대 온라인,파이썬 데이터 시각화,7.6
287,한기대 온라인,파이썬 활용편 - GUI,8.6
288,한기대 온라인,현행 데이터 아키텍처 분석,6.4
289,한기대 온라인,혼합현실 메타버스 서비스 기초,8.2
290,한기대 온라인,[기술능력] 업무 효율성을 높이는 기술적 요소,2
291,한기대 온라인,[대인관계능력] 인생을 바꾸는 사회생활 백서,2
292,한기대 온라인,[문제해결능력] No Problem! 문제해결을 위한 절차와 사고력,1.8
293,한기대 온라인,[수리능력] 센스있는 일잘러가 갖춘 수리능력,1.8
294,한기대 온라인,[의사소통능력] 업무 소통의 비밀! 이해하고 공감하는 설득의 한마디,1.8
295,한기대 온라인,[자기개발능력] 1cm 더 나아가는 성장의 힘,1.8
296,한기대 온라인,"[자원관리능력] 낭비는 줄이고, 실속은 늘리는 자원관리",2
297,한기대 온라인,[정보능력] 업무에 100% 활용하는 정보 분석 노하우,1.8
298,한기대 온라인,[조직이해능력] 조직과 나의 업무를 알면 미래가 보인다,1.8
299,한기대 온라인,"[직업윤리] 직업인으로서 필수 규범, 직업윤리",1.8
300,한기대 온라인,A to Z까지 리눅스의 모든 것,2
301,한기대 온라인,Git 기본 퀵 가이드,1.8
302,한기대 온라인,IoT 서비스 모델 분석과 기획,1.8
303,한기대 온라인,K-취준생을 위한 데이터 공학 기초 상식,1.8
304,한기대 온라인,K-취준생을 위한 물리학의 기초,1.8
305,한기대 온라인,NCS 언어 워크북,1.8
306,한기대 온라인,R 데이터 분석 첫걸음,1.8
307,한기대 온라인,Step by Step 포토샵 마스터,1.8
308,한기대 온라인,Web 3.0 시대의 디지털 자산혁명,1.6
309,한기대 온라인,YES를 이끌어내는 협상 스킬,1.8
310,한기대 온라인,"갈등 잠금해제, 갈등해결 테라피",1.6
311,한기대 온라인,경영학 시그니처,1.8
312,한기대 온라인,경이로운 철학의 역사,1.8
313,한기대 온라인,그대 마음에 공감을 보냅니다,1.6
314,한기대 온라인,김로사의 실무 한글 2022 핵심,1.8
315,한기대 온라인,나는 프런트엔드 개발자,1.8
316,한기대 온라인,나와 너의 인권 이야기,1.8
317,한기대 온라인,"남북국 시대의 전쟁, 경쟁과 교류",1.8
318,한기대 온라인,내일은 코딩왕,1.8
319,한기대 온라인,누구나 쉽게 따라하는 모바일 영상제작 with 키네마스터,1.8
320,한기대 온라인,누구나 알기 쉽게 배우는 전기전자공학 에센스,2
321,한기대 온라인,"뉴노멀 시대, K-대인관계",1.8
322,한기대 온라인,당신은 기업이 원하는 인재입니까?,1.6
323,한기대 온라인,대한민국 도시의 기억,1.8
324,한기대 온라인,데이터베이스 초보 탈출,1.6
325,한기대 온라인,리얼 무역스토리,1.8
326,한기대 온라인,리얼 비즈니스 실용영문법,1.6
327,한기대 온라인,리얼 비즈니스 중국어,1.8
328,한기대 온라인,머신러닝 101,1.8
329,한기대 온라인,"면접관 피셜, 블라인드 채용 면접문항 미리보기",1.4
330,한기대 온라인,모여라! 취업 실전 토크쇼,2
331,한기대 온라인,"미래 트렌드, 직업과 삶의 변화",1.8
332,한기대 온라인,백엔드 애플리케이션 개발자 되기,1.8
333,한기대 온라인,블록체인이 여는 미래,1.8
334,한기대 온라인,비정형 데이터 분석의 모든 것,1.8
335,한기대 온라인,비즈니스 일본어 패턴 공략,1.8
336,한기대 온라인,사례로 보는 사이버 보안 전략,1.8
337,한기대 온라인,사물인터넷 길라잡이,1.8
338,한기대 온라인,삼국시대 한반도 패권전쟁,1.8
339,한기대 온라인,세계 속의 한국어,1.8
340,한기대 온라인,세상을 바꾸는 모빌리티,1.8
341,한기대 온라인,세상을 바꾸는 실감형 콘텐츠,1.8
342,한기대 온라인,숫자로 보는 비즈니스 세상,1.8
343,한기대 온라인,쉽게 하는 데이터 크롤링,1.8
344,한기대 온라인,슈퍼 멘탈,1.8
345,한기대 온라인,스프레드시트 기본기 완벽 마스터,2.4
346,한기대 온라인,시니어 꿈을 품다,1.8
347,한기대 온라인,신프로의 쉽고 빠른 파워포인트 2021 노하우,1.8
348,한기대 온라인,실무에 바로 통하는 Excel 2021,2
349,한기대 온라인,실무에서 바로 쓰는 비즈니스 영어,1.8
350,한기대 온라인,실패 없는 파이썬 기초,2
351,한기대 온라인,심리학으로 보는 조선왕조실록,1.8
352,한기대 온라인,"아두이노, 상상을 현실로",1.8
353,한기대 온라인,알고 듣는 요즘 노래,1.8
354,한기대 온라인,알기 쉬운 IT 인프라,1.8
355,한기대 온라인,알아두면 쓸모 있는 미래모빌리티공학,1.8
356,한기대 온라인,양성평등과 성인지,1.8
357,한기대 온라인,오! 대한 외국인,1.8
358,한기대 온라인,오늘부터 워킹맘,2
359,한기대 온라인,요즘 사람을 위한 한자,3
360,한기대 온라인,우리 삶을 바꾸는 금융,1.8
361,한기대 온라인,우리가 몰랐던 독립운동 이야기,1.8
362,한기대 온라인,우리가 알아야 할 고려 이야기,1.8
363,한기대 온라인,원스톱 클라우드 플랫폼,1.8
364,한기대 온라인,월스트리트 리더십,1.8
365,한기대 온라인,위대한 경제,1.8
366,한기대 온라인,유니티로 만드는 메타버스,1.8
367,한기대 온라인,이제는 6G 시대,1.8
368,한기대 온라인,일러스트레이터 한번에 끝내기,2
369,한기대 온라인,잡파라치가 제안하는 굿잡스 인사이트,1.4
370,한기대 온라인,전쟁으로 보는 서양사,1.8
371,한기대 온라인,정형 데이터 분석의 모든 것,1.6
372,한기대 온라인,조선외교사,1.8
373,한기대 온라인,직장에서 바로 쓰는 워드 2021 마스터,1.8
374,한기대 온라인,직장인이 아닌 직업인이 되기 위한 인생 공략법 '그래서 무엇!',1.4
375,한기대 온라인,챗GPT 업무 활용법,1.6
376,한기대 온라인,퀀텀의 시대로,1.8
377,한기대 온라인,톡톡 조선사,1.8
378,한기대 온라인,풀스택 개발자로 애플리케이션 만들기,1.8
379,한기대 온라인,"프로그래밍 어드벤처, C크릿 여행",1.8
380,한기대 온라인,프로젝트 성공을 위한 SQL,1.8
381,한기대 온라인,프리미어프로를 활용한 유튜브 영상 편집,1.8
382,한기대 온라인,"한 문장의 힘, 비즈니스 영어 글쓰기",1.6
383,한기대 온라인,한 번에 끝내는 AWS DevOps,1.8
384,한기대 온라인,한국어 교실,1.8
385,한기대 온라인,"행복한 조직생활의 Key, 팀워크",1.6
386,한기대 온라인,헤리티지 브랜드의 탄생,1.8
387,한기대 온라인,현대미술과 글로벌 트렌드,1.8
388,한기대 온라인,홍창형 교수의 마인드코칭,1.8
389,한기대 온라인,효율왕 스마트워커를 위한 시간관리법,1.4
390,한기대 온라인,면역과 의약품,6.2
391,한기대 온라인,바이오의약품 생산기술 (1) - 단백질의약품 발현,6
392,한기대 온라인,바이오의약품 생산기술 (2) - 생산 및 정제,6
393,한기대 온라인,신약 개발,5.4
394,한기대 온라인,의약품의 종류 이해,6
395,한기대 온라인,치료(진단) 예측 플랫폼 개발,5.2
396,한기대 온라인,항체의약품 분석기술 이해,3.8
397,한기대 온라인,광화학적 수소 생산기술,5.4
398,한기대 온라인,그린 수소 생산 시스템,7.4
399,한기대 온라인,기초 솔라셀 개론 (2023년),5.4
400,한기대 온라인,비파괴검사 및 실습 (2023년),8.4
401,한기대 온라인,생물학적 수소 생산기술,5.6
402,한기대 온라인,수소 생산기술 개론,5.2
403,한기대 온라인,수소연료전지 시험평가,7.4
404,한기대 온라인,수소연료전지 인증평가,5.2
405,한기대 온라인,수소연료전지 제조,5.2
406,한기대 온라인,수소자동차 수소 연료전지 개요 및 공기 수소 공급 시스템 정비,6.2
407,한기대 온라인,수전해 수소 생산기술,5.2
408,한기대 온라인,안전보호구 착용 (2023년),3.8
409,한기대 온라인,태양광발전설비 시공 실무,7.4
410,한기대 온라인,태양광발전설비 진단보수,5.8
411,한기대 온라인,(가상훈련 연계) 교통계획,3.6
412,한기대 온라인,(가상훈련 연계) 교통신호운영,4
413,한기대 온라인,(가상훈련 연계) 복합환승센터 및 환승요금,4.4
414,한기대 온라인,(가상훈련 연계) 첨단교통운영,3.8
415,한기대 온라인,BIM설계 part 1,4.4
416,한기대 온라인,BIM설계 part 2,4.6
417,한기대 온라인,건물에너지 효율향상,2.2
418,한기대 온라인,건축목공시공 도면파악,5
419,한기대 온라인,건축설계 기획,6.8
420,한기대 온라인,건축설계 설계 도서작성,7.2
421,한기대 온라인,건축설계 조사분석 part 3,6.8
422,한기대 온라인,계약 관리(건설공사),7.4
423,한기대 온라인,공기조화,7.6
424,한기대 온라인,대중교통과 스마트 모빌리티,4.2
425,한기대 온라인,서양건축사,25.8
426,한기대 온라인,스케치업,7
427,한기대 온라인,철근콘크리트시공 도면파악,4.6
428,한기대 온라인,평면기준점측량,5.8
429,한기대 온라인,환경기초시설 설비,3.2
430,한기대 온라인,[4차산업혁명 MBA] 디지털 트랜스포메이션,8.2
431,한기대 온라인,[4차산업혁명 테크놀로지] 기술이 미래를 바꾸는 순간,1.4
432,한기대 온라인,[디지털마케팅] 그로스해킹 & 구글애널리틱스,3.6
433,한기대 온라인,CIS 리포트,0.8
434,한기대 온라인,IATF16949 내부심사원 및 품질부서 실무(관리)자를 위한 Core Tool 이해,9.8
435,한기대 온라인,IATF16949 자동차품질경영시스템의 이해,11.4
436,한기대 온라인,Innovation Management in global environment,1.6
437,한기대 온라인,가성비를 올리는 스마트 CS,9.8
438,한기대 온라인,고객중심의 마케팅 전략,6.2
439,한기대 온라인,고현숙의 북리뷰 : 시즌 1,2.8
440,한기대 온라인,고현숙의 북리뷰 : 시즌 2,2.8
441,한기대 온라인,고현숙의 북리뷰 : 시즌 3,2.6
442,한기대 온라인,공급체인관리론,3
443,한기대 온라인,관리회계 실무,6.6
444,한기대 온라인,구독서비스의 모든 것,1.4
445,한기대 온라인,기술사업화 필수 역량,0.8
446,한기대 온라인,기술사업화의 이해와 사업타당성 분석,0.8
447,한기대 온라인,기업윤리 (이해관리자관리),19
448,한기대 온라인,나마스떼 인디아!,1.2
449,한기대 온라인,내 몸값을 올리는 효과적인 시간관리(2020년),3.8
450,한기대 온라인,대륙을 말하다,2.4
451,한기대 온라인,데이터 기반 제조현장의 4M 분석,3.6
452,한기대 온라인,디지털 트랜스포메이션 하라,1.2
453,한기대 온라인,라틴어로 세상읽기,1.2
454,한기대 온라인,로마법으로 세상 읽기,1.2
455,한기대 온라인,리더십 딜레마,1.2
456,한기대 온라인,리더의 옥편(玉篇),4.4
457,한기대 온라인,마케팅전략,6.4
458,한기대 온라인,블록체인 혁명,1.2
459,한기대 온라인,사회조사분석 (고객분석),19.6
460,한기대 온라인,"삶, 죽음에 묻다",2
461,한기대 온라인,서비스운영관리론,20.6
462,한기대 온라인,성공을 부르는 비즈니스 스피치,1.2
463,한기대 온라인,성과를 내는 인재의 소통과 협업 스킬,1.4
464,한기대 온라인,세상만사 경제학,1.8
465,한기대 온라인,쇼미더인니!,1.2
466,한기대 온라인,쉽게 쓰고 배우는 한글2014가 왔소이다,5.2
467,한기대 온라인,시가 있는 풍경,2.6
468,한기대 온라인,식물학자의 노트,1.2
469,한기대 온라인,식스 시그마 경영,8.4
470,한기대 온라인,실패에서 배우는 경영 전략,0.4
471,한기대 온라인,싱글 이코노미,1.2
472,한기대 온라인,알아두면 쓸데 있는 신비한 문화산책,1.2
473,한기대 온라인,"언제, 어디서나 업무의 효율을 높이는 Excel 2016",11.8
474,한기대 온라인,"언제, 어디서나 업무의 효율을 높이는 PowerPoint 2016",10.2
475,한기대 온라인,엔터테인먼트에서 배우는 크리에이티브 리더십,2
476,한기대 온라인,영어회화 1,13
477,한기대 온라인,영어회화 2,14.8
478,한기대 온라인,은퇴대국 일본보고서,0.6
479,한기대 온라인,인간을 향한 문화적 질문,1.2
480,한기대 온라인,"인지심리학, 리더에게 말을 걸다",1.8
481,한기대 온라인,日 중소기업 진화생존기,2.2
482,한기대 온라인,"일, 시간, 성과",1.2
483,한기대 온라인,전쟁으로 보는 한국사,0.6
484,한기대 온라인,전지적 과학 시점,1.2
485,한기대 온라인,정답에 도전하는 삐딱한 시선,1.2
486,한기대 온라인,조직 인콰이어리,1.6
487,한기대 온라인,조직행동론 (직무관리),20.4
488,한기대 온라인,줌 인 러시아,2.8
489,한기대 온라인,창의력도 매니지먼트 하라,9.4
490,한기대 온라인,턴어라운드 경영,1.2
491,한기대 온라인,한근태의 북리뷰 : 시즌 1,3
492,한기대 온라인,한근태의 북리뷰 : 시즌 2,3
493,한기대 온라인,한근태의 북리뷰 : 시즌 3,2.6
494,한기대 온라인,혁신의 연장통,0.8
495,한기대 온라인,혁신의 우(愚),1
496,한기대 온라인,(2020년 콘텐츠 공모전 수상작) 교수자를 위한 모바일 강의제작부터 라이브수업까지,0.6
497,한기대 온라인,[디지털 기초역량] 슬기로운 디지털 생활 (멘토 톡톡),1.2
498,한기대 온라인,[디지털 기초역량] 슬기로운 디지털 생활 (산업 씽씽),0.4
499,한기대 온라인,[디지털 기초역량] 슬기로운 디지털 생활 (신기술 쏙쏙),0.8
500,한기대 온라인,4차 산업혁명 시대의 직업,0
501,한기대 온라인,HRD개론,13.6
502,한기대 온라인,노동관계법,14.4
503,한기대 온라인,멘토 리더십,6
504,한기대 온라인,일학습병행 학습근로자의 의무 및 권리,2
505,한기대 온라인,학습근로자를 위한 일학습병행의 기본,2.4
506,한기대 온라인,소비자행동론(2018년),20.2
507,한기대 온라인,시장경제의 이해,20.8
508,한기대 온라인,(2020년 콘텐츠 공모전 수상작) HMI스크립트와 PLC시뮬레이터를 이용한 가상 공압 실린더 제어,0.6
509,한기대 온라인,(가상훈련 연계) 스마트 제조 무선설비 운영 실무,4.8
510,한기대 온라인,[NCS]Inventor를 이용한 치공구설계_1,4.6
511,한기대 온라인,[NCS]Inventor를 이용한 치공구설계_2,6.2
512,한기대 온라인,[NCS]실전으로 배우는 모터 제어_1,4.6
513,한기대 온라인,[NCS]실전으로 배우는 모터 제어_2,6.8
514,한기대 온라인,[그린분야 신직업] 수소전기차 정비원,5.2
515,한기대 온라인,2D도면작성,7.6
516,한기대 온라인,2D도면작업(AutoCAD를 이용한 도면화 기초),7.6
517,한기대 온라인,3D 프린터를 활용한 셸 주형 제작과 금속 제품 만들기,0.8
518,한기대 온라인,3D형상모델링작업,8.2
519,한기대 온라인,4차산업혁명과 스마트제조,3.8
520,한기대 온라인,ANSYS로 배우는 유한요소법 활용 해석,4.2
521,한기대 온라인,AutoCAD를 통한 기계설계 및 향상,10.6
522,한기대 온라인,CAD 활용 능력,7.6
523,한기대 온라인,CATIA를 활용한 3D설계,10.8
524,한기대 온라인,Cimatron을 이용한 기초 모델링,6.6
525,한기대 온라인,Cimatron을 이용한 응용 모델링,4.6
526,한기대 온라인,CNC 밀링(머시닝센터) 가공 CAM 프로그래밍,8
527,한기대 온라인,CNC 선반 프로그램과 활용,14.4
528,한기대 온라인,CNC 선반을 이용한 나사 절삭,0.8
529,한기대 온라인,CNC밀링(머시닝센터) 조작,7.8
530,한기대 온라인,CNC선반가공프로그래밍(Machine),4.8
531,한기대 온라인,HMI 프로그램 개발,7.2
532,한기대 온라인,HMI 프로그램 개발 고급 part 2,6.6
533,한기대 온라인,Inventor를 이용한 3D형상모델링검토,4
534,한기대 온라인,Inventor를 활용한 3D 설계(기본)(2014 버전),11
535,한기대 온라인,Melsec PLC 제어 응용_1,5
536,한기대 온라인,Melsec PLC 제어 응용_2,3.4
537,한기대 온라인,NX를 활용한 기계 설계,8.6
538,한기대 온라인,OrCAD PCB Editor 활용 기초 실습,1.2
539,한기대 온라인,PCB설계 part1,7.2
540,한기대 온라인,PCB설계 part2,8
541,한기대 온라인,PC제어프로그램 개발,7.6
542,한기대 온라인,PLC 기본(Master-K),7.8
543,한기대 온라인,PLC 기본(MELSEC)_1,7.2
544,한기대 온라인,PLC 기본(MELSEC)_2,6.8
545,한기대 온라인,PLC 기본(OMRON),11
546,한기대 온라인,PLC 기본(SIEMENS),4.2
547,한기대 온라인,PLC 기본(XGT/XGK)_1,7.4
548,한기대 온라인,PLC 기본(XGT/XGK)_2,6.6
549,한기대 온라인,PLC 네트워크 프로그래밍(2020년),5.6
550,한기대 온라인,PLC 및 시뮬레이터를 이용한 DC 모터제어,1.4
551,한기대 온라인,PLC 응용[AD/DA 유닛활용](MELSEC)_1,6.4
552,한기대 온라인,PLC 응용[AD/DA 유닛활용](MELSEC)_2,6.4
553,한기대 온라인,PLC 응용[HMI WinCC Flexible](SIEMENS),9.4
554,한기대 온라인,PLC 응용[PLC Analog Control](SIEMENS),14.6
555,한기대 온라인,PLC 응용[Profibus DP & Profinet](SIEMENS),7.8
556,한기대 온라인,PLC 응용[위치결정유닛활용](MELSEC)(2020년),4
557,한기대 온라인,PLC 응용[터치패널](MELSEC)_1,11.4
558,한기대 온라인,PLC 응용[터치패널](MELSEC)_2,5.6
559,한기대 온라인,PLC 응용[필드버스](MELSEC),8
560,한기대 온라인,PLC 전기공압제어,10
561,한기대 온라인,PLC를 이용한 공압시스템 제어,8.2
562,한기대 온라인,PLC제어 기본 모듈 프로그램 개발(PLC 제어 및 실습)(2019년),12.4
563,한기대 온라인,PLC제어 기본 모듈 프로그램 개발(PLC&HMI 제어응용),7.6
564,한기대 온라인,PLC제어 프로그램 테스트,9
565,한기대 온라인,PLC제어Ⅰ_1,12.8
566,한기대 온라인,PLC제어Ⅰ_2,7.8
567,한기대 온라인,PowerMill를 이용한 3축 가공,11.2
568,한기대 온라인,SCADA를 통한 스마트팩토리 구축 사례 및 이해,8.6
569,한기대 온라인,Solidworks를 이용한 선형 정적 시뮬레이션,0.8
570,한기대 온라인,SolidWorks를 활용한 3D설계,4.2
571,한기대 온라인,TIG 용접,0.2
572,한기대 온라인,uArm 로봇팔 제어,3.6
573,한기대 온라인,가솔린 전자제어 장치 정비,4.4
574,한기대 온라인,건설기계제어공학,4.2
575,한기대 온라인,고전압 배터리 충전 및 분배시스템,7.6
576,한기대 온라인,고전압 배터리 컨트롤 시스템 정비,4.8
577,한기대 온라인,공기압제어 part 1,6
578,한기대 온라인,공기압제어 part 2,8.2
579,한기대 온라인,공압 시스템 설계 및 제어,5.8
580,한기대 온라인,공업수학Ⅰ,20.2
581,한기대 온라인,공정관리와 빅데이터 활용,6.2
582,한기대 온라인,공학도를 위한 MATLAB 기초,5.4
583,한기대 온라인,구조해석용 모델링,7
584,한기대 온라인,기계 안전 교육,1.8
585,한기대 온라인,기계가공을 위한 3차원측정(기초),6.6
586,한기대 온라인,기계가공을 위한 3차원측정(응용),6.2
587,한기대 온라인,기계공작법Ⅰ_1,9.6
588,한기대 온라인,기계공작법Ⅰ_2,11.2
589,한기대 온라인,기계설계 요구사항분석,4.4
590,한기대 온라인,기계설계 원가산정,4.2
591,한기대 온라인,기계설계제도에 필요한 필수 핸드북,0
592,한기대 온라인,기계시스템 제어 방식 결정,6.8
593,한기대 온라인,기계요소설계 도면검토,4.6
594,한기대 온라인,기계요소설계Ⅰ,21.2
595,한기대 온라인,기계조립 도면해독 및 작성,4.8
596,한기대 온라인,기계진동학,18.8
597,한기대 온라인,기계품질 개선 관리,8.2
598,한기대 온라인,기본 작업(밀링가공),7.6
599,한기대 온라인,기본공구사용법(2020년),4.4
600,한기대 온라인,냉동기 제작,0.6
601,한기대 온라인,냉동냉장 부하계산(영문),4
602,한기대 온라인,동력전달 요소설계,8
603,한기대 온라인,동역학,13.2
604,한기대 온라인,동역학(2020년),20.8
605,한기대 온라인,디젤 전자제어 장치 정비,4.6
606,한기대 온라인,레이더 센서기술의 이해,0
607,한기대 온라인,로봇팔 코딩을 위한 G-Code 활용,5.8
608,한기대 온라인,마이크로프로세서를 활용한 메카트로닉스 제어(기본),12.6
609,한기대 온라인,마이크로프로세서를 활용한 메카트로닉스 제어(응용),13
610,한기대 온라인,메카트로닉스개론_1,10.6
611,한기대 온라인,메카트로닉스개론_2,12
612,한기대 온라인,멜섹Q PLC의 CC-Link 통신을 이용한 인버터제어_1,7
613,한기대 온라인,멜섹Q PLC의 CC-Link 통신을 이용한 인버터제어_2,7.8
614,한기대 온라인,모터 제어,7.4
615,한기대 온라인,모터기초이론_1,3.2
616,한기대 온라인,모터기초이론_2,2
617,한기대 온라인,미래자동차개론,7.2
618,한기대 온라인,미쓰비시 서보시스템 구축과 파라미터 설정을 통한 테스트 운전,1.2
619,한기대 온라인,밀링가공 도면해독,8.2
620,한기대 온라인,배출가스장치정비·검사,8.8
621,한기대 온라인,복잡한 설계는 No! 쉽게 배우는 AutoCAD 2016,14
622,한기대 온라인,비교측정,6.8
623,한기대 온라인,비례유압제어_1,7.6
624,한기대 온라인,비례유압제어_2,5
625,한기대 온라인,사출금형 2D도면작성,9
626,한기대 온라인,사출금형 3D 어셈블리 모델링(2022년),11
627,한기대 온라인,사출금형 기초 3D 모델링,9.4
628,한기대 온라인,사출금형 기초 성형해석,5.8
629,한기대 온라인,사출금형 도면해독(2022년),8.2
630,한기대 온라인,사출금형 부품 CNC 가공,4.6
631,한기대 온라인,사출성형공정검토 part 1,8.2
632,한기대 온라인,사출성형공정검토 part 2,4
633,한기대 온라인,서보모터제어(이론),9.4
634,한기대 온라인,선반가공 도면해독,5.6
635,한기대 온라인,설계품질관리 part 1,7.6
636,한기대 온라인,설계품질관리 part 2,7.8
637,한기대 온라인,센서 기초,7.4
638,한기대 온라인,센서 기초 원리,3.8
639,한기대 온라인,스마트 자동차의 핵심 ADAS를 위한 레이더와 라이더 센서 기술,0.8
640,한기대 온라인,스마트공장 운영 최적화,4.2
641,한기대 온라인,스마트공장을 위한 생산관리,3.6
642,한기대 온라인,스마트설비 설계기획,4
643,한기대 온라인,스마트팩토리 데이터수집시스템,5.8
644,한기대 온라인,스마트팩토리 요구사항 분석,6
645,한기대 온라인,스마트팩토리 통신 네트워크 이해,6
646,한기대 온라인,시제품측정,6.2
647,한기대 온라인,실리콘 솔라셀 기술,4.6
648,한기대 온라인,엔드밀 가공,8.4
649,한기대 온라인,엔진점화장치정비,6.8
650,한기대 온라인,연소 공학 이론과 실무,6.2
651,한기대 온라인,열설비 구조학,6.2
652,한기대 온라인,열역학Ⅰ,20
653,한기대 온라인,요소공차검토,10.6
654,한기대 온라인,요소부품 설계검토,10
655,한기대 온라인,요소부품 재질선정,8.4
656,한기대 온라인,유공압시스템설계 part 1,7
657,한기대 온라인,유공압시스템설계 part 2,9.2
658,한기대 온라인,유압 시스템 설계 및 제어,8.6
659,한기대 온라인,유압요소설계 part 1,9.6
660,한기대 온라인,유압요소설계 part 2,7
661,한기대 온라인,유압제어 part 1,8.8
662,한기대 온라인,유압제어 part 2,8.6
663,한기대 온라인,유체역학Ⅰ,19.2
664,한기대 온라인,자동제어시스템 개념,6
665,한기대 온라인,자동차 Reflector 금형가공의 현장 활용 노하우,0.6
666,한기대 온라인,자동차 냉난방장치정비,6.6
667,한기대 온라인,자동차 냉난방장치정비(영어),7.4
668,한기대 온라인,자동차 엔진본체 정비(냉각장치),5.2
669,한기대 온라인,자동차 전기전자정비 기초,3.4
670,한기대 온라인,자동차섀시 실차정비,1.6
671,한기대 온라인,자동화를 위한 시퀀스 제어 기초,4.8
672,한기대 온라인,작업장 유지관리(밀링가공),6.8
673,한기대 온라인,재고관리(2022년),11.8
674,한기대 온라인,재료역학Ⅰ(2019년),21.6
675,한기대 온라인,전기동력자동차 개론,6.6
676,한기대 온라인,전기자동차 감속기 시스템 이론,2.2
677,한기대 온라인,전기자동차 기초,4.8
678,한기대 온라인,전기자동차 전기장치 정비,4.8
679,한기대 온라인,전장패널 구성을 통한 시퀀스 제어 기초 실습,1
680,한기대 온라인,정밀측정 part 1,7.4
681,한기대 온라인,정밀측정 part 2,6.8
682,한기대 온라인,정역학,20.4
683,한기대 온라인,정적구조해석(기초유한요소법) part 1,5.4
684,한기대 온라인,정적구조해석(기초유한요소법) part 2,7.2
685,한기대 온라인,정적구조해석(기초유한요소법) part 3,6.6
686,한기대 온라인,정적구조해석을 위한 SolidWorks Simulation 사용,8.4
687,한기대 온라인,제어공학Ⅱ,20.4
688,한기대 온라인,제어프로그램 작성 part 1,7
689,한기대 온라인,제어프로그램 작성 part 2,9.6
690,한기대 온라인,조향장치정비,4.4
691,한기대 온라인,체결요소설계,9.2
692,한기대 온라인,충전장치정비,7.4
693,한기대 온라인,치공구요소설계,7.2
694,한기대 온라인,친환경 전기자동차,0
695,한기대 온라인,통신 네트워크 설치,6.4
696,한기대 온라인,프레스금형 2D도면작성,7.8
697,한기대 온라인,프레스금형 3D 모델링 part 1,7.2
698,한기대 온라인,프레스금형 3D 모델링 part 2,9
699,한기대 온라인,프레스금형 도면해독,8.2
700,한기대 온라인,프레스금형설계 도면해독 part 1,5
701,한기대 온라인,프레스금형설계 도면해독 part 2,7.6
702,한기대 온라인,프레스금형제작 CAM 데이터 생성 및 CNC 가공,5.8
703,한기대 온라인,하이브리드 고전압장치 정비,7.2
704,한기대 온라인,협동 로봇팔 제어,6.6
705,한기대 온라인,형상 모델링(Creo),8.8
706,한기대 온라인,[디지털 기초역량] 슬기로운 디지털 생활 (뉴노멀 시대의 인재),0.4
707,한기대 온라인,[디지털 기초역량] 슬기로운 디지털 생활 (디지털 협업),0.4
708,한기대 온라인,[디지털 기초역량] 슬기로운 디지털 생활 (메타버스와 터치리스),0.4
709,한기대 온라인,[디지털 기초역량] 슬기로운 디지털 생활 (사이드 프로젝트 성공전략),0.4
710,한기대 온라인,[디지털 기초역량] 슬기로운 디지털 생활 (사이드 프로젝트의 이해),0.4
711,한기대 온라인,[디지털 기초역량] 슬기로운 디지털 생활 (전문 프리랜서),0.4
712,한기대 온라인,[디지털 기초역량] 슬기로운 디지털 생활 (커리어 사춘기),0.4
713,한기대 온라인,[디지털 기초역량] 슬기로운 디지털 생활 (현실 속 메타버스),0.4
714,한기대 온라인,(2022년 콘텐츠 공모전 수상작) 8대 공정으로 MOSFET 형성 체험하기,1.6
715,한기대 온라인,(2022년 콘텐츠 공모전 수상작) 나비스웍스를 활용한 스마트건설,2.2
716,한기대 온라인,(2022년 콘텐츠 공모전 수상작) 영상콘텐츠 기획,1.4
717,한기대 온라인,(2022년 콘텐츠 공모전 수상작) 초간단 인생 카페메뉴 레시피,1.2
718,한기대 온라인,비대면 업무 시 기술보호 가이드라인,0.6
719,한기대 온라인,중소기업 기술보호 온라인 실무교육,3
720,한기대 온라인,중소기업 기술보호 이해 및 핵심수칙,2
721,한기대 온라인,(2021년 콘텐츠 공모전 수상작) 화훼장식기능사 자격증 취득(원추형 구조물 꽃다발 제작하기),1
722,한기대 온라인,(2021년 콘텐츠 공모전 수상작) DSLR 영상촬영,0.8
723,한기대 온라인,1인 미디어 콘텐츠 업로드 활용법,3.8
724,한기대 온라인,1인 미디어 콘텐츠 제작 실습,5.8
725,한기대 온라인,1인 미디어 콘텐츠 편집,7.4
726,한기대 온라인,3ds Max 실내 공간 포트폴리오 제작,3.8
727,한기대 온라인,3ds Max 실내 소품 포트폴리오 제작,4.4
728,한기대 온라인,3ds Max 프레젠테이션 포트폴리오 제작,4
729,한기대 온라인,3ds Max 활용 기초부터 마스터까지,6.2
730,한기대 온라인,3D모델링(라이노),3.8
731,한기대 온라인,3D프린팅 구현,8.2
732,한기대 온라인,Laser cutting of Calligraphy,0.6
733,한기대 온라인,Unity 3D Engine을 활용한 실감콘텐츠 개발,4
734,한기대 온라인,Unreal Engine을 활용한 실감콘텐츠 개발,4.2
735,한기대 온라인,V-Ray를 활용한 제품 디자인,3.6
736,한기대 온라인,가상현실(VR) 고급 프로그래밍,7.8
737,한기대 온라인,가상현실(VR) 그래픽 디자인 기초,6
738,한기대 온라인,가상현실(VR) 시스템 설계,6.6
739,한기대 온라인,광고콘텐츠제작,3.8
740,한기대 온라인,나도 이제 컬러리스트! Sense UP!,5.8
741,한기대 온라인,다빈치 리졸브 색보정과 퓨전효과,3.8
742,한기대 온라인,다빈치 리졸브 영상 편집과 유튜브,4.2
743,한기대 온라인,디자인 구체화 모델링,3.8
744,한기대 온라인,디자인 아이디어 발상 기초,5.8
745,한기대 온라인,디자인 제작 관리,7.4
746,한기대 온라인,라이트룸을 활용한 디지털 사진보정과 관리(2020년),3.6
747,한기대 온라인,마야(MAYA)를 활용한 3D영상그래픽,8
748,한기대 온라인,메타버스 아바타 디자인,6
749,한기대 온라인,메타버스 월드제작,6.2
750,한기대 온라인,모두의 일러스트레이터 CC,10
751,한기대 온라인,모두의 포토샵 CC,9.2
752,한기대 온라인,모바일을 활용한 여행 드로잉,3.6
753,한기대 온라인,배색(색채디자인),7.6
754,한기대 온라인,비주얼 아이데이션 구상,4.6
755,한기대 온라인,사진 이미지 편집디자인,7.4
756,한기대 온라인,색채디자인 기획,7.6
757,한기대 온라인,시각디자인의 이해,3.6
758,한기대 온라인,시네마4D를 활용한 3D 애니메이션1,4
759,한기대 온라인,시네마4D를 활용한 3D 애니메이션2,4.2
760,한기대 온라인,시안 디자인 개발 기초,5.2
761,한기대 온라인,실내 인테리어 건축제도,3.8
762,한기대 온라인,애니메이팅 활용,6
763,한기대 온라인,애프터이펙트 개념 활용 마스터,8
764,한기대 온라인,앱 개발 프로토타입 제작,7.6
765,한기대 온라인,어도비 XD로 UI 디자인하기,7.8
766,한기대 온라인,어반 스케치,7.8
767,한기대 온라인,영상 크리에이터를 위한 프리미어 프로,6.6
768,한기대 온라인,웹툰 캐릭터 작가 입문,3.8
769,한기대 온라인,유니티(UNITY) 3D 활용,7.4
770,한기대 온라인,인테리어 소품을 활용한 모델링 실습,3.6
771,한기대 온라인,인포그래픽 제작을 위한 실전 파워포인트,8.2
772,한기대 온라인,제품 렌더링 및 평가,3.8
773,한기대 온라인,제품디자인 프로젝트 기획 계획 수립,6.2
774,한기대 온라인,제품디자인리서치 기초,7.8
775,한기대 온라인,조색과 컬러트렌드,4.2
776,한기대 온라인,증강현실(AR) 시스템 설계/관리,5.2
777,한기대 온라인,최종 디자인(디자인 실전과정),4.8
778,한기대 온라인,캘리그래피를 레이저커팅하자!,0.8
779,한기대 온라인,파이널 컷 프로 중급,3.8
780,한기대 온라인,파이널 컷 프로 초급,3.6
781,한기대 온라인,포토샵 CC를 활용한 감성 사진 보정,3.4
782,한기대 온라인,포토샵 CC를 활용한 디지털 디자인 입문,7.2
783,한기대 온라인,포토샵 CC를 활용한 디지털 페인팅 입문,4.4
784,한기대 온라인,포토샵 CC를 활용한 실감 나는 사진합성,3.4
785,한기대 온라인,프레젠테이션,6.4
786,한기대 온라인,프로젝트로 완성하는 Illustrator CS5,5
787,한기대 온라인,장애인 인식 개선교육,2
788,한기대 온라인,"행복한 일터, 건강하게! 안전하게!",2.8
789,한기대 온라인,품질관리기초,5.8
790,한기대 온라인,사례기반의 진로상담 기법,3.8
791,한기대 온라인,"커뮤니케이션의 핵심기술, 공감과 경청",4
792,한기대 온라인,(2021년 콘텐츠 공모전 수상작) 여성복패턴 <테일러드 재킷>의 제도,3
793,한기대 온라인,미생물 발효 생산물 품질분석하기,6.4
794,한기대 온라인,[공학분야 신직업] BIM 전문가(디자이너),5
795,한기대 온라인,[공학분야 신직업] 드론 전문가,5
796,한기대 온라인,[공학분야 신직업] 빅데이터 전문가,5
797,한기대 온라인,[공학분야 신직업] 연구실안전 전문가,5.4
798,한기대 온라인,[공학분야 신직업] 연구장비 전문가,4.8
799,한기대 온라인,[공학분야 신직업] 화학물질안전 관리사,4.4
800,한기대 온라인,[그린분야 신직업] 수소충전소 운영관리자,5.8
801,한기대 온라인,[디지털분야 신직업] SW품질 테스터,5.4
802,한기대 온라인,[디지털분야 신직업] 스마트 복지케어 안내사,5
803,한기대 온라인,[디지털분야 신직업] 스마트공장 운영자,4.6
804,한기대 온라인,[디지털분야 신직업] 스마트시티 운영·관리자,5.4
805,한기대 온라인,[디지털분야 신직업] 스마트팜 운영·관리자,4.2
806,한기대 온라인,[디지털분야 신직업] 스마트팩토리 코디네이터,5.4
807,한기대 온라인,[디지털분야 신직업] 인공지능 학습교육가,5
808,한기대 온라인,[전직분야 신직업] 전직지원 전문가,5.6
809,한기대 온라인,[창직분야 신직업] 생애경력 설계사,4.2
810,한기대 온라인,(2021년 콘텐츠 공모전 수상작) 30분에 끝내는 핸드드립 A to Z,0.6
811,한기대 온라인,2040 AI 시대를 리드할 미래 인재,1.8
812,한기대 온라인,기계설비 안전대책 수립과 스마트 팩토리(산업용 로봇) 안전 확보,5.8
813,한기대 온라인,미디어 크리에이터 교육과정,2.2
814,한기대 온라인,미래탐색과 생애설계,13
815,한기대 온라인,밀링가공 안전대책 수립(2022년),6.8
816,한기대 온라인,산업안전보건법 개정 이해하기,4.8
817,한기대 온라인,스마트설비 안전설계,7.4
818,한기대 온라인,안전관리,8.8
819,한기대 온라인,안전대책수립(연삭가공) part 1,6.4
820,한기대 온라인,안전대책수립(연삭가공) part 2,6.6
821,한기대 온라인,안전보호구 착용,0.4
822,한기대 온라인,연구실험실 안전환경관리와 사고예방,0.2
823,한기대 온라인,"인공지능과 사람, 함께 산다는 것",1.8
824,한기대 온라인,일반 제조업 사업장 안전보건,0.2
825,한기대 온라인,전기설비 안전관리,4.8
826,한기대 온라인,전기안전관리,5.2
827,한기대 온라인,전기자동차 고전압과 안전,2
828,한기대 온라인,PDF로 만드는 반응형 콘텐츠 제작,7.6
829,한기대 온라인,드로잉 이미지 편집디자인,5.6
830,한기대 온라인,손으로 만드는 우드카빙 DIY,4.2
831,한기대 온라인,수공구와 목공기계를 활용한 목가구 제작 기초,6.4
832,한기대 온라인,수공구와 목공기계를 활용한 목공예 소품,7.2
833,한기대 온라인,수공구와 목공장비를 활용한 우드카빙 기초,4
834,한기대 온라인,수공구와 목공장비를 활용한 우드카빙 실습,4.4
835,한기대 온라인,인디자인을 활용한 출판편집물 제작,7
836,한기대 온라인,인쇄 시뮬레이션 및 실습,0.8
837,한기대 온라인,전자출판물 제작,7.4
838,한기대 온라인,출판 편집디자인 고객요구분석,4.2
839,한기대 온라인,편집디자인 작업실행,7.4
840,한기대 온라인,편집소프트웨어를 활용한 시안제작,6
841,한기대 온라인,3D프린터 운용과 자격증,3.8
842,한기대 온라인,C# 프로그래밍,5.2
843,한기대 온라인,CO2용접_1,6
844,한기대 온라인,CO2용접_2,5.4
845,한기대 온라인,LTCC 재료 및 공정,4.2
846,한기대 온라인,X-선결정학,6
847,한기대 온라인,고온공정특론,3.6
848,한기대 온라인,고집적 전자세라믹 공정,4
849,한기대 온라인,광학현미경 조직검사,5.2
850,한기대 온라인,광학현미경 조직평가,4.2
851,한기대 온라인,금속 및 전기재료 입문,6
852,한기대 온라인,금속 부식의 기초,4.2
853,한기대 온라인,금속재료제조,5.8
854,한기대 온라인,금속재료제조설비 정비작업,4.8
855,한기대 온라인,기계재료 및 열처리기초,9.6
856,한기대 온라인,기계적 재료시험 part 1,3.6
857,한기대 온라인,기계적 재료시험 part 2,3.4
858,한기대 온라인,도금작업 공정설계,8.4
859,한기대 온라인,분기관 전개도,3.8
860,한기대 온라인,열유체공학,13
861,한기대 온라인,일반열처리,6.8
862,한기대 온라인,자성과 자성재료,3.6
863,한기대 온라인,재료 시험 분석,9
864,한기대 온라인,재료역학,23.8
865,한기대 온라인,전자부품 세라믹 공정,5.2
866,한기대 온라인,주사전자현미경을 활용한 미세 조직 분석,0.8
867,한기대 온라인,피복 아크 용접,9.4
868,한기대 온라인,Adobe Premiere Pro CC 2020 완전정복,2.6
869,한기대 온라인,유니티로 애니메이션 제작하기,2.6
870,한기대 온라인,(2020년 콘텐츠 공모전 수상작) 3D프린터운용기능사 실기 30시간 완성(인벤터편),5.2
871,한기대 온라인,(가상훈련 연계) 3D프린터운용기능사(실기),6.8
872,한기대 온라인,(가상훈련 연계) 5G·IoT EMI 측정실무,4
873,한기대 온라인,(가상훈련 연계) 감전 방지 및 설비 보호를 위한 접지설비공사,5
874,한기대 온라인,(가상훈련 연계) 스펙트럼 분석 및 5G/IoT 계측 실무,3.8
875,한기대 온라인,(가상훈련 연계) 전계 강도 측정실무,3.8
876,한기대 온라인,[NCS]AVR Atmega128 프로그래밍_1,4.6
877,한기대 온라인,[NCS]AVR Atmega128 프로그래밍_2,5.8
878,한기대 온라인,3D 스캐너의 이해와 활용,0.6
879,한기대 온라인,3D 프린터란 무엇인가,0.8
880,한기대 온라인,3D-scanner를 이용한 3D프린팅,1.8
881,한기대 온라인,3D프린터 HW설정,6.8
882,한기대 온라인,3D프린터 Slicer,4.4
883,한기대 온라인,3D프린터운용기능사(필기),8.2
884,한기대 온라인,3D프린터의 재료와 미래,3.2
885,한기대 온라인,3D프린팅에서의 조립과 공차,3.4
886,한기대 온라인,AVR을 활용한 마이컴 제어(기본),12
887,한기대 온라인,AVR을 활용한 마이컴 제어(응용),9.2
888,한기대 온라인,C#을 이용한 PLC와 PC 통신,7.2
889,한기대 온라인,FDM 3D프린터,3.8
890,한기대 온라인,HMI운영,7.6
891,한기대 온라인,LabView기반 계측 제어 실습,16.4
892,한기대 온라인,Layout 실무,6.8
893,한기대 온라인,LED 동작 및 구동 개론_1,3.2
894,한기대 온라인,LED 동작 및 구동 개론_2,2.6
895,한기대 온라인,LED 조명설계 시뮬레이션,0.8
896,한기대 온라인,LED 칩 제조 공정,0.8
897,한기대 온라인,MEMS 개론,5.2
898,한기대 온라인,MEMS 설계 - 가속도계,6.4
899,한기대 온라인,Metal 3D프린터,4
900,한기대 온라인,MOS 디지털 회로설계,5.8
901,한기대 온라인,OLED 제조 공정 및 장비,6.8
902,한기대 온라인,PLC 자동제어 래더도 해석,11.6
903,한기대 온라인,PLC기반 OPC-UA 서버 및 클라이언트 구현,2.8
904,한기대 온라인,PLC기반 OPC-UA 자동화 제어시스템 응용,2.8
905,한기대 온라인,Polyjet 3D프린터,4
906,한기대 온라인,S4A를 통한 아두이노 PC제어,0.8
907,한기대 온라인,SLA 3D프린터,4.2
908,한기대 온라인,Tinkercad를 활용한 아두이노 시뮬레이션,1.2
909,한기대 온라인,TSP 기술 (Touch Screen Panel (TSP) 기술),4.4
910,한기대 온라인,Zemax OpticStudio를 이용한 기초광학설계,6.8
911,한기대 온라인,Zemax 활용에 필요한 기초광학 이론,3.6
912,한기대 온라인,가공배전선로 설계 part 1,6.2
913,한기대 온라인,가공배전선로 설계 part 2,6.6
914,한기대 온라인,"계측기 관련(오실로스코프, 펑션제너레이터등)",3.4
915,한기대 온라인,고급 컴퓨터구조,4.2
916,한기대 온라인,공압 및 전기제어,21.8
917,한기대 온라인,광전자공학,4.4
918,한기대 온라인,기능성 유기재료 기초,3.6
919,한기대 온라인,기초솔라셀개론,5.2
920,한기대 온라인,나노박막기술 및 응용,6.2
921,한기대 온라인,내선공사의 이해,5.6
922,한기대 온라인,네트워크 분석,5.6
923,한기대 온라인,동력설비 설계 part 1,7.8
924,한기대 온라인,동력설비 설계 part 2,8.2
925,한기대 온라인,디스플레이 광학의 기초 이론,5.4
926,한기대 온라인,디지털 논리 회로 - 순서 회로,6.6
927,한기대 온라인,디지털 논리 회로 - 조합 회로,7
928,한기대 온라인,디지털 시스템 설계 및 실습,39.8
929,한기대 온라인,디지털 시스템 설계 심화,7.4
930,한기대 온라인,디지털 집적회로,7
931,한기대 온라인,디지털 회로 설계,10.4
932,한기대 온라인,레이저를 활용한 광센서 응용 기술,6.8
933,한기대 온라인,레이저시스템 개발 및 검증,3.8
934,한기대 온라인,로봇소프트웨어의 이해,5.4
935,한기대 온라인,로봇시스템 사양설계 및 분석,6.4
936,한기대 온라인,로봇시스템 프로젝트 기획 및 조정,6.2
937,한기대 온라인,마이크로비트,0.6
938,한기대 온라인,마이크로비트로 배우는 블록코딩,3.6
939,한기대 온라인,메모리 반도체 기술,5.6
940,한기대 온라인,박막 공학,4.2
941,한기대 온라인,박막 설계론,4.8
942,한기대 온라인,반도체 공정 기초(2020년),4.8
943,한기대 온라인,반도체 재료 및 소자,4.2
944,한기대 온라인,반도체 전자공학,6.8
945,한기대 온라인,반도체 제조 개론,6.4
946,한기대 온라인,반도체 제조 공정 개발 part 1,5.4
947,한기대 온라인,반도체 제조 공정 개발 part 2,6.6
948,한기대 온라인,반도체 제조 공정 장비 운영,3
949,한기대 온라인,반도체 제품 기능·성능 검증,4
950,한기대 온라인,반도체 차세대 패키지,5.2
951,한기대 온라인,반도체 패키지 개론,4.2
952,한기대 온라인,반도체 패키지 공정 및 제조기술,3.8
953,한기대 온라인,반도체개발 디지털회로설계 part 1,10
954,한기대 온라인,반도체개발 아날로그회로설계 part1,8.4
955,한기대 온라인,반도체소자이론,4.2
956,한기대 온라인,반도체장비시설운영_1,4.4
957,한기대 온라인,반도체장비시설운영_2,8.6
958,한기대 온라인,배관공사 part 1,7.2
959,한기대 온라인,배관공사 part 2,8
960,한기대 온라인,배선공사 part 1,1.6
961,한기대 온라인,배선공사 part 2,7.4
962,한기대 온라인,배선설비설계 part 1,4.2
963,한기대 온라인,배선설비설계 part 2,4.6
964,한기대 온라인,배전기기 설치 공사,5.8
965,한기대 온라인,배전설비공학,8.2
966,한기대 온라인,버스 기반 SoC 설계,5.4
967,한기대 온라인,센서 데이터 계측,7.6
968,한기대 온라인,소프트웨어 작성,5.8
969,한기대 온라인,소형마운터를 이용한 SMT 실기시험,0.8
970,한기대 온라인,스마트팜,0.8
971,한기대 온라인,시각화 프로그래밍과 프로세싱,1.2
972,한기대 온라인,시스템 소프트웨어 펌웨어 구현,10.2
973,한기대 온라인,시스템 소프트웨어 펌웨어 설계,6.2
974,한기대 온라인,시스템소프트웨어설계 part 1,4
975,한기대 온라인,시스템소프트웨어설계 part 2,10.2
976,한기대 온라인,시퀀스 부품 이해와 활용,8.8
977,한기대 온라인,시퀀스제어_1,6.6
978,한기대 온라인,시퀀스제어_2,5.8
979,한기대 온라인,신호 및 시스템(2022년),6.6
980,한기대 온라인,아날로그 집적회로,5.8
981,한기대 온라인,아날로그 집적회로 심화,7.2
982,한기대 온라인,아날로그 회로 심화,4.6
983,한기대 온라인,아두이노 아날로그 프로젝트,0.8
984,한기대 온라인,아두이노(Arduino) 실습,10.4
985,한기대 온라인,앱 인벤터를 통한 아두이노 센서 제어,1.6
986,한기대 온라인,외선공사의 이해,4.8
987,한기대 온라인,웨이퍼제조,4
988,한기대 온라인,유기 전자 공학,3.8
989,한기대 온라인,유연 디스플레이 공학,6
990,한기대 온라인,이차전지 리사이클링,6
991,한기대 온라인,이차전지공학 및 실습,16.6
992,한기대 온라인,임베디드 시스템(아두이노),6.2
993,한기대 온라인,자동제어 시스템 고장진단 part 1,3.4
994,한기대 온라인,자동제어 시스템 고장진단 part 2,3.8
995,한기대 온라인,자동제어대상설비 확인,4.4
996,한기대 온라인,자동제어시스템 유지정비,7.8
997,한기대 온라인,자율주행 경로 생성,6.6
998,한기대 온라인,자율주행 센서 퓨전,4.8
999,한기대 온라인,자율주행 인지기술,4.6
1000,한기대 온라인,자율주행 제어기술,7.6
1001,한기대 온라인,자율주행 판단기술,4
1002,한기대 온라인,자율주행(SLAM),7.2
1003,한기대 온라인,자율주행차 구현을 위한 SW 개발,6.6
1004,한기대 온라인,자율주행차 메커니즘 이해,8.6
1005,한기대 온라인,자율주행차 통신 기초,6.4
1006,한기대 온라인,자율주행차를 위한 ROS 로봇 프로그래밍 기본,5
1007,한기대 온라인,자율주행차용 센서 퓨전 구현,6.6
1008,한기대 온라인,자율주행차의 이해,1
1009,한기대 온라인,재미있게 배우는 기초전자회로,3.2
1010,한기대 온라인,재미있게 배우는 전기전자공학_1,3.4
1011,한기대 온라인,재미있게 배우는 전기전자공학_2,4
1012,한기대 온라인,재미있게 배우는 전기회로,7.6
1013,한기대 온라인,전기 방재설비 설계,8
1014,한기대 온라인,전기 수변전설비 설계,7
1015,한기대 온라인,전기 조명설비 설계,4.8
1016,한기대 온라인,전기기기,5
1017,한기대 온라인,전기기기 기초,8.8
1018,한기대 온라인,전기기기설계 기초조사 및 공정조사,6.4
1019,한기대 온라인,전기설비 기술기준 및 한국전기설비규정(KEC),6.4
1020,한기대 온라인,전기설비 보호계전시스템 설계,3.2
1021,한기대 온라인,전기설비 보호장치공사,5.2
1022,한기대 온라인,전기설비 실무,6.6
1023,한기대 온라인,전기자기학Ⅰ,15.8
1024,한기대 온라인,전기자동제어,4.6
1025,한기대 온라인,전기전자공학,7.8
1026,한기대 온라인,전기전자부품 및 소자활용,8
1027,한기대 온라인,전동기 기동을 위한 동력설비공사,5
1028,한기대 온라인,전력계통시스템 개론,6.6
1029,한기대 온라인,전열공사,7.8
1030,한기대 온라인,전자기기 소프트웨어 개발을 위한 요구사항 분석하기,4.8
1031,한기대 온라인,전자기기 소프트웨어 개발의 이해,5
1032,한기대 온라인,전자기기 하드웨어 개발을 위한 부품 선정하기,5.2
1033,한기대 온라인,전자기기 하드웨어 개발을 위한 요구사항 분석하기,5
1034,한기대 온라인,전자기기 하드웨어 개발의 이해,4.8
1035,한기대 온라인,전자기재료특론,7.4
1036,한기대 온라인,전자부품 종류와 식별법,4.8
1037,한기대 온라인,전자제품 품질관리,8
1038,한기대 온라인,전자제품 품질보증 part 1,6.2
1039,한기대 온라인,전자제품 품질보증 part 2,5.8
1040,한기대 온라인,전자제품기술분석,7.4
1041,한기대 온라인,전자회로 기본Ⅰ,7
1042,한기대 온라인,전자회로 기본Ⅱ,7
1043,한기대 온라인,전자회로 실습,6.6
1044,한기대 온라인,전자회로의 제품화,6
1045,한기대 온라인,정보전자재료,8.8
1046,한기대 온라인,정보통신기기 PCB보드 개발,8.2
1047,한기대 온라인,정보통신기기 디지털회로설계 part 1,7.8
1048,한기대 온라인,정보통신기기 디지털회로설계 part 2,6.8
1049,한기대 온라인,정보통신기기 아날로그회로설계 part 1,8.4
1050,한기대 온라인,정보통신기기 아날로그회로설계 part 2,8.4
1051,한기대 온라인,정보통신설비공사 part 1,3.8
1052,한기대 온라인,정보통신설비공사 part 2,3.2
1053,한기대 온라인,제어공사 설계도서 작성,5.8
1054,한기대 온라인,제어공학Ⅰ(2022년),20.4
1055,한기대 온라인,제어반설계,11
1056,한기대 온라인,제어시스템 분석,7.2
1057,한기대 온라인,제어시스템 점검,6.6
1058,한기대 온라인,제어원리 응용,3.8
1059,한기대 온라인,제품스캐닝,7.2
1060,한기대 온라인,제품회로 설계,7.2
1061,한기대 온라인,조명공사(구 조명설비공사) part 2,4
1062,한기대 온라인,조명공사(구 조명설비공사) part 3,4
1063,한기대 온라인,조명설비공사 part 1,7.6
1064,한기대 온라인,조명설비공사 part 5,7
1065,한기대 온라인,중대형 이차전지 시스템 제어/설계,7.4
1066,한기대 온라인,지능형 영상신호 처리 SW 개발,7
1067,한기대 온라인,직류 전력 변환 회로 설계,5
1068,한기대 온라인,차량동력차 전력전자,8
1069,한기대 온라인,차량동역학 및 제어,6.6
1070,한기대 온라인,차량용 전동기 구동 이론,5.4
1071,한기대 온라인,차세대 Backplane 기술,5.8
1072,한기대 온라인,차세대 디스플레이 제조,6.4
1073,한기대 온라인,최신 디스플레이 기술,5.8
1074,한기대 온라인,카메라 센서 응용 및 제어,6.8
1075,한기대 온라인,컴퓨터구조,4.6
1076,한기대 온라인,파동광학특론,9
1077,한기대 온라인,프로그램 개발(라즈베리파이),9.4
1078,한기대 온라인,플라즈마 시스템,0
1079,한기대 온라인,플렉시블 디스플레이 재료생산기술,4.6
1080,한기대 온라인,하드웨어 개발자를 위한 FPGA 설계과정,1
1081,한기대 온라인,하드웨어 제작,3.8
1082,한기대 온라인,하드웨어 회로 구현설계,6.8
1083,한기대 온라인,하드웨어 회로 설계,8
1084,한기대 온라인,현장 제어기기 운영,4.8
1085,한기대 온라인,현장계기 선정,4.4
1086,한기대 온라인,현장계기류 유지정비,4
1087,한기대 온라인,혼성회로 설계,6.8
1088,한기대 온라인,화재발생 예방을 위한 경보설비공사,4
1089,한기대 온라인,회로 이론 - 캐패시터와 인덕터,9
1090,한기대 온라인,회로 이론 기초,7.8
1091,한기대 온라인,(2020년 콘텐츠 공모전 수상작) 30분만에 애플리케이션 만들기,0.4
1092,한기대 온라인,(2020년 콘텐츠 공모전 수상작) 촬영 편집,2.2
1093,한기대 온라인,(2021년 콘텐츠 공모전 수상작) Gather Town으로 Working Together하기,0.6
1094,한기대 온라인,(2021년 콘텐츠 공모전 수상작) 메타버스 플랫폼(게더타운)을 활용한 스마트한 교육,1.6
1095,한기대 온라인,(가상훈련 연계) 5G 이동통신 기지국 설치 실무,4.4
1096,한기대 온라인,[문제풀이형] 제품소프트웨어 패키징,0
1097,한기대 온라인,4차 산업 특강 (The 4th Industrial Revolution in ICT-Manufacturing Convergence),1.2
1098,한기대 온라인,"4차 산업혁명 시대, 인공지능 윤리에 대해 논하다",4.8
1099,한기대 온라인,4차 산업혁명 신산업 기술 이해,7.2
1100,한기대 온라인,"4차산업 시대, CPS와 디지털 트윈 기술",4.6
1101,한기대 온라인,Access 레벨의 보안과 보안 스위치의 모든 것,1
1102,한기대 온라인,AI 의사를 활용한 질병 진단 원리,5.6
1103,한기대 온라인,AI를 활용한 이상 탐지,5.6
1104,한기대 온라인,AI를 활용한 차량 인식(실습),4
1105,한기대 온라인,AI를 활용한 차량 인식(이론),3.8
1106,한기대 온라인,Azure 머신러닝 스튜디오를 활용한 예측 모델 구현,10.4
1107,한기대 온라인,C# 프로그래밍(2020년),5
1108,한기대 온라인,C++ 프로그래밍(2020년),4.6
1109,한기대 온라인,CI/CD를 통한 DevOps 엔지니어링 이해,5.2
1110,한기대 온라인,Cloud Computing,0.8
1111,한기대 온라인,CNN 기반 이미지 라벨링 실습(기본),3.8
1112,한기대 온라인,CNN 기반 이미지 라벨링 실습(심화),6.2
1113,한기대 온라인,Cortex-M3 ARM을 활용한 임베디드 시스템 설계의 이해,6.4
1114,한기대 온라인,CUDA를 이용한 GPU 프로그래밍 기초,5.2
1115,한기대 온라인,CUDA를 이용한 GPU 프로그래밍 심화,4.8
1116,한기대 온라인,C언어Ⅰ(2021년),23
1117,한기대 온라인,C프로그래밍(2020년),9
1118,한기대 온라인,D3.js를 활용한 데이터 시각화,8.6
1119,한기대 온라인,Excel을 활용한 데이터 리터러시,9.8
1120,한기대 온라인,Gephi를 활용한 네트워크 분석,2.8
1121,한기대 온라인,git,1.2
1122,한기대 온라인,github,1
1123,한기대 온라인,IoT 비즈니스 모델 개발 part 1,4.6
1124,한기대 온라인,IoT 비즈니스 모델 개발 part 2,4.6
1125,한기대 온라인,IoT와 보안,0.4
1126,한기대 온라인,IT시스템통합 운영관리,6.4
1127,한기대 온라인,IT프로젝트 기획관리,7
1128,한기대 온라인,IT프로젝트 범위관리 part 1,6.6
1129,한기대 온라인,IT프로젝트 범위관리 part 2,6.6
1130,한기대 온라인,IT프로젝트 성과관리,7.2
1131,한기대 온라인,IT프로젝트 위험관리,8.4
1132,한기대 온라인,IT프로젝트 의사소통관리,7.2
1133,한기대 온라인,IT프로젝트 일정관리,6.4
1134,한기대 온라인,IT프로젝트 정보시스템 구축관리,8.2
1135,한기대 온라인,IT프로젝트 품질관리,7.2
1136,한기대 온라인,L2·L3 스위치 구축 part 1,8.8
1137,한기대 온라인,L2·L3 스위치 구축 part 2,9.4
1138,한기대 온라인,L2·L3 스위치 구축 기초,5.4
1139,한기대 온라인,LTE 기술의 이해,0.8
1140,한기대 온라인,Matlab과 머신러닝,14.6
1141,한기대 온라인,MongoDB 기초,4.2
1142,한기대 온라인,MySQL 데이터베이스 기초와 Web 활용,6.2
1143,한기대 온라인,NumPy를 활용한 데이터처리 및 연산,5.4
1144,한기대 온라인,OpenMP를 이용한 병렬 처리 프로그래밍,8.8
1145,한기대 온라인,Orange를 활용한 정형 데이터 분석,3.8
1146,한기대 온라인,OwnCloud를 이용한 개인 클라우드 서버 구축,0.4
1147,한기대 온라인,Pandas를 활용한 데이터처리 및 연산,5.6
1148,한기대 온라인,Power BI를 활용한 데이터 시각화 과정,12.6
1149,한기대 온라인,Python 기반 SQL 프로그래밍,7.6
1150,한기대 온라인,Python으로 배우는 머신러닝과 데이터 분석,0.4
1151,한기대 온라인,PyTorch로 배우는 머신러닝 알고리즘,15.2
1152,한기대 온라인,RF 회로 설계,7.8
1153,한기대 온라인,RNN을 활용한 자연어 처리 고급(음성 인식하기),4.2
1154,한기대 온라인,RNN을 활용한 자연어 처리 중급(BBC 기사 분류하기),4.2
1155,한기대 온라인,RNN을 활용한 자연어 처리 초급(스마트 번역기 만들기),4.2
1156,한기대 온라인,Scikit-learn을 활용한 머신러닝 실습(기본),4.2
1157,한기대 온라인,Scikit-learn을 활용한 머신러닝 실습(심화),5.4
1158,한기대 온라인,SW Agile방법론 및 기능점수모형,5.8
1159,한기대 온라인,SW 개발방법론 이해,6
1160,한기대 온라인,SW 아키텍처 수립 및 분석,6.4
1161,한기대 온라인,SW 아키텍처 이해,6.4
1162,한기대 온라인,SW 테스트 관리,6
1163,한기대 온라인,TensorFlow로 배우는 머신러닝 알고리즘,12.8
1164,한기대 온라인,UI 디자인,8.8
1165,한기대 온라인,UI/UX 가이드 작성,6.8
1166,한기대 온라인,UI/UX 기획,4.8
1167,한기대 온라인,UI/UX 설계,7.4
1168,한기대 온라인,UiPath를 통한 로보틱 프로세스 자동화 응용,12.2
1169,한기대 온라인,UiPath를 통한 로보틱 프로세스 자동화 입문,8.4
1170,한기대 온라인,UML 모델링 기본,4
1171,한기대 온라인,UML 활용 다이어그램 작성,4
1172,한기대 온라인,Unity 3D를 활용한 UI 구현,8.2
1173,한기대 온라인,"UTP, COAX, 광섬유 케이블링",5
1174,한기대 온라인,VR 솔루션 코딩,1.2
1175,한기대 온라인,가상공간 다중사용자 네트워크,6
1176,한기대 온라인,"가상현실 영상제작(360 VR 촬영, 영상편집)",2
1177,한기대 온라인,가상현실(VR) SW 프로그래밍,5.6
1178,한기대 온라인,가상현실(VR) UI/UX 디자인 실무,10
1179,한기대 온라인,가상현실(VR) 고급 그래픽,5.8
1180,한기대 온라인,가상현실(VR) 기획 기초,7.4
1181,한기대 온라인,가상현실(VR) 네트워킹 프로그래밍,6
1182,한기대 온라인,가상현실(VR) 메타버스 기획,6
1183,한기대 온라인,강화 학습 기초 - 기본 원리 및 이론,6.8
1184,한기대 온라인,강화 학습 응용 - 학습 유형별 알고리즘 및 응용,9.6
1185,한기대 온라인,개념데이터 모델링 part 1,6.8
1186,한기대 온라인,개념데이터 모델링 part 2,6
1187,한기대 온라인,개발자테스트 part 1,5.2
1188,한기대 온라인,개발자테스트 part 2,4.8
1189,한기대 온라인,개발자테스트 part 3,4.8
1190,한기대 온라인,개인정보보호 기획,7.2
1191,한기대 온라인,개인정보보호 운영,7.4
1192,한기대 온라인,경영정보론,5.6
1193,한기대 온라인,고급 C++ 프로그래밍,7.6
1194,한기대 온라인,광통신공학,5.8
1195,한기대 온라인,구내통신 구축설계 part 1,8
1196,한기대 온라인,구내통신 구축설계 part 2,8.2
1197,한기대 온라인,구내통신 설비공사 part 1,7.2
1198,한기대 온라인,구내통신 설비공사 part 2,7
1199,한기대 온라인,구내통신 설비공사 part 3,4
1200,한기대 온라인,구내통신 운영관리 및 시스템 실무,7
1201,한기대 온라인,구내통신 운영관리 및 점검 실무,4.6
1202,한기대 온라인,기계학습 기반 패턴인식,3.6
1203,한기대 온라인,기술적 보안 구축 part 4_컨버전스 네트워크 보안 구축하기,7
1204,한기대 온라인,기술적 보안구축 part 4_컨버전스 네트워크 보안 구축하기(영어),4.6
1205,한기대 온라인,네트워크 보안 구축,4
1206,한기대 온라인,네트워크 보안 운영,4.2
1207,한기대 온라인,네트워크 보안 전문가,7
1208,한기대 온라인,네트워크 프로그래밍 구현 part 1_개발환경 분석하기,10.4
1209,한기대 온라인,네트워크 프로그래밍 구현 part 2_소켓프로그래밍 기초,9.8
1210,한기대 온라인,네트워크I,20.6
1211,한기대 온라인,네트워크구축설계,6.4
1212,한기대 온라인,네트워크보안관리,8.8
1213,한기대 온라인,네트워크유지보수,7
1214,한기대 온라인,논리 데이터베이스 설계,8.4
1215,한기대 온라인,논리력을 향상시키는 스크래치,0
1216,한기대 온라인,뇌과학,0
1217,한기대 온라인,데이터 시각화,8
1218,한기대 온라인,데이터 시각화 구현 프로그래밍(R 기반),4.6
1219,한기대 온라인,데이터 시각화 구현 프로그래밍(태블로 기반),4
1220,한기대 온라인,데이터 시각화 기획 1,4.2
1221,한기대 온라인,데이터 시각화 기획 2,4
1222,한기대 온라인,데이터 시각화 기획 3,4.8
1223,한기대 온라인,데이터 아키텍처 구축,6
1224,한기대 온라인,데이터 입출력 구현,8.2
1225,한기대 온라인,데이터 전처리 프로그래밍,3.8
1226,한기대 온라인,데이터 품질관리 기준 설계,6.4
1227,한기대 온라인,데이터 품질관리 시스템,6.6
1228,한기대 온라인,"데이터, 수집부터 정제까지",7.2
1229,한기대 온라인,데이터과학개론,6
1230,한기대 온라인,데이터마이닝 기반 기업운영,7.6
1231,한기대 온라인,데이터베이스,3.2
1232,한기대 온라인,데이터베이스 개론,7.8
1233,한기대 온라인,데이터베이스 보안 구축,5.8
1234,한기대 온라인,데이터베이스(2018년),20.2
1235,한기대 온라인,데이터분석 기초 프로그래밍,9.4
1236,한기대 온라인,데이터서비스 기획의 실제,7
1237,한기대 온라인,도메인 지식 분석 활용,6.8
1238,한기대 온라인,드론 시스템 이해와 운영,4.8
1239,한기대 온라인,디지털 신호 처리,6.2
1240,한기대 온라인,디지털 통신,8.4
1241,한기대 온라인,디지털 포렌식,6
1242,한기대 온라인,디지털 화폐의 유형과 원리,4
1243,한기대 온라인,디지털공학개론_1,9.4
1244,한기대 온라인,디지털공학개론_2,12.8
1245,한기대 온라인,디지털신호처리_1,20.8
1246,한기대 온라인,디지털신호처리_2,9.4
1247,한기대 온라인,딥러닝 기반 이미지 처리 실습(기본),3.8
1248,한기대 온라인,딥러닝 기반 이미지 처리 실습(심화),4.8
1249,한기대 온라인,딥러닝 심화 - CNN,4.6
1250,한기대 온라인,딥러닝 심화 - 컴퓨터 비전,3.2
1251,한기대 온라인,딥러닝 이해하기,0.6
1252,한기대 온라인,딥러닝 입문,4.2
1253,한기대 온라인,라떼판다,1.8
1254,한기대 온라인,라우팅관리 part 1_경로상태 확인하기,6.8
1255,한기대 온라인,라즈베리 파이를 이용한 제어 설계 및 코딩,1
1256,한기대 온라인,리눅스 서버 구축(2020년),16.4
1257,한기대 온라인,리눅스 시스템과 네트워크 프로그래밍_1,6
1258,한기대 온라인,리눅스 시스템과 네트워크 프로그래밍_2,4.2
1259,한기대 온라인,리눅스 입문,8.8
1260,한기대 온라인,마이크로프로세서Ⅰ,19.2
1261,한기대 온라인,머리에 쏙쏙 들어오는 운영체제,8
1262,한기대 온라인,머신러닝 기반 데이터 분석 2,6
1263,한기대 온라인,머신러닝 기반 데이터 분석 3,6.2
1264,한기대 온라인,머신러닝 기반 데이터 분석 개요,6
1265,한기대 온라인,머신러닝 수학(미분학),2.6
1266,한기대 온라인,"머신러닝 수학(선형대수, 확률통계)",4.2
1267,한기대 온라인,머신러닝 실습을 위한 Google Colab 활용,5.4
1268,한기대 온라인,머신러닝 입문,2
1269,한기대 온라인,"머신러닝 활용(결정트리, 선형 회귀, 군집화)",3.6
1270,한기대 온라인,머신러닝 활용(인공신경망),3.6
1271,한기대 온라인,머신러닝기반데이터분석,9.4
1272,한기대 온라인,머신러닝을 위한 데이터 처리,7.2
1273,한기대 온라인,메타버스 시대의 실감콘텐츠(VR/AR)의 이해,2
1274,한기대 온라인,모바일 앱프로그래밍,7.2
1275,한기대 온라인,무선설비 설계,7.2
1276,한기대 온라인,무선통신 설비 설계 part 1,3.8
1277,한기대 온라인,무선통신 설비 설계 part 2,6
1278,한기대 온라인,무선통신망 시험,7.4
1279,한기대 온라인,무선통신망구축 시공 part 1,6.4
1280,한기대 온라인,무선통신망구축 시공 part 2,6.4
1281,한기대 온라인,무선통신시스템 설계 part 1,4.8
1282,한기대 온라인,무선통신시스템 설계 part 2,5
1283,한기대 온라인,물리 데이터베이스 설계,5.6
1284,한기대 온라인,방송서비스 네트워크 운영,4.2
1285,한기대 온라인,보안 운영관리 part 1,4
1286,한기대 온라인,보안 운영관리 part 2,6
1287,한기대 온라인,보안위협 관리통제 part 3,5.6
1288,한기대 온라인,보안위협관리통제 part 1_보안위협 탐지하기,5.6
1289,한기대 온라인,보안위협관리통제 part 2_보안위협 분석하기,7
1290,한기대 온라인,보안인증 관리,9
1291,한기대 온라인,분석용 데이터 탐색,6.4
1292,한기대 온라인,분석용 데이터 획득 전략,6
1293,한기대 온라인,블록체인 기술의 현황과 사례,0.4
1294,한기대 온라인,블록체인(block chain)의 이해,0.2
1295,한기대 온라인,비지도학습과 데이터 모델링,6.2
1296,한기대 온라인,비트코인의 거래 구조 분석,4.4
1297,한기대 온라인,빅데이터 기획 및 설계,7.8
1298,한기대 온라인,빅데이터 분석 결과 시각화,10.4
1299,한기대 온라인,빅데이터 분석 기획,5.4
1300,한기대 온라인,빅데이터 분석을 위한 R 프로그래밍(기본),2.6
1301,한기대 온라인,빅데이터 분석을 위한 R 프로그래밍(심화),2.8
1302,한기대 온라인,빅데이터 분석을 위한 아마존웹서비스(AWS) 활용,6.2
1303,한기대 온라인,빅데이터 비즈니스 모델 설계,5.8
1304,한기대 온라인,빅데이터 서비스 기획 타당성 평가,6
1305,한기대 온라인,빅데이터 수집 part 1,8
1306,한기대 온라인,빅데이터 수집 part 2,7.6
1307,한기대 온라인,빅데이터 수집시스템 개발,8.4
1308,한기대 온라인,빅데이터 요구사항 분석,4.8
1309,한기대 온라인,빅데이터 이해와 활용,6.6
1310,한기대 온라인,빅데이터 입문,2.8
1311,한기대 온라인,빅데이터 처리 part 1,7.4
1312,한기대 온라인,빅데이터 처리 part 2,7.4
1313,한기대 온라인,빅데이터 플랫폼 구현 및 사례,5.8
1314,한기대 온라인,빅데이터 플랫폼 기술과 활용,5.4
1315,한기대 온라인,빅데이터 플랫폼의 이해,4.6
1316,한기대 온라인,빅데이터를 활용한 인포그래픽 기획,0
1317,한기대 온라인,빅데이터와 시맨틱 웹,5.6
1318,한기대 온라인,사물인터넷,3.8
1319,한기대 온라인,사물인터넷 네트워크 프로그래밍,4.6
1320,한기대 온라인,사물인터넷 디바이스 소프트웨어,5.8
1321,한기대 온라인,사물인터넷 디바이스 프로그래밍 기초,4.8
1322,한기대 온라인,사물인터넷 디바이스 프로그래밍 심화,4.6
1323,한기대 온라인,사물인터넷 디바이스 하드웨어,5.6
1324,한기대 온라인,사물인터넷 응용소프트웨어 기획과 구현,7.2
1325,한기대 온라인,사물인터넷과 클라우드 서비스,5.6
1326,한기대 온라인,사물인터넷용 통신망,6
1327,한기대 온라인,서버관리 핵심 실무,12.2
1328,한기대 온라인,설계검증 S/W,8.4
1329,한기대 온라인,센서 데이터 수집,6.2
1330,한기대 온라인,센서데이터 분석,4.2
1331,한기대 온라인,소셜네트워크 분석,4
1332,한기대 온라인,소프트웨어개발방법론 활용,6.8
1333,한기대 온라인,소프트웨어공학,21.2
1334,한기대 온라인,소프트웨어공학 활용,2
1335,한기대 온라인,스마트 헬스케어를 위한 IoT 설계,6.6
1336,한기대 온라인,스마트홈 IoT,0
1337,한기대 온라인,스프링 부트 기초,4.2
1338,한기대 온라인,스프링 부트 응용,6
1339,한기대 온라인,시스템 보안 운영,4
1340,한기대 온라인,시스템 유지보수관리,7.4
1341,한기대 온라인,시스템분석설계,21.2
1342,한기대 온라인,시스템프로그래밍(2022년),20.6
1343,한기대 온라인,시큐어 프로그래밍,0
1344,한기대 온라인,실무 활용 Keras How-To,6
1345,한기대 온라인,안드로이드 앱 개발을 위한 자바기초,15.2
1346,한기대 온라인,안드로이드 프로그래밍을 위한 자바기초(2020년),7.8
1347,한기대 온라인,알고리즘,21.4
1348,한기대 온라인,알기쉬운 라우터와 스위치 네트워크 구축하기,3
1349,한기대 온라인,애플리케이션 리팩토링,8.2
1350,한기대 온라인,애플리케이션 배포,8
1351,한기대 온라인,애플리케이션 보안 운영,5.2
1352,한기대 온라인,애플리케이션 설계,10.6
1353,한기대 온라인,애플리케이션 설계(공통 모듈),4.8
1354,한기대 온라인,애플리케이션 요구사항 분석,3.8
1355,한기대 온라인,애플리케이션 테스트 관리,4.6
1356,한기대 온라인,애플리케이션 테스트 수행 part 1,4.8
1357,한기대 온라인,애플리케이션 테스트 수행 part 2,5.2
1358,한기대 온라인,앱 인벤터 개발,1.4
1359,한기대 온라인,오픈 API를 활용한 인공지능 챗봇 구현(기본),4
1360,한기대 온라인,오픈 API를 활용한 인공지능 챗봇 구현(심화),4.2
1361,한기대 온라인,오픈 플랫폼 활용 part 1,6.6
1362,한기대 온라인,오픈 플랫폼 활용 part 2,7
1363,한기대 온라인,와이어샤크 네트워크 패킷 분석,4.2
1364,한기대 온라인,요구사항 확인 part 1,4.6
1365,한기대 온라인,요구사항 확인 part 2,5
1366,한기대 온라인,운영체제_1(2016년),8.2
1367,한기대 온라인,운영체제_2(2016년),10
1368,한기대 온라인,웨어러블 기기의 기초,0.2
1369,한기대 온라인,웹 앱 개발을 위한 Javascript 기초(2020년),4.4
1370,한기대 온라인,웹 앱 개발을 위한 JSP & Servlet 활용,13.2
1371,한기대 온라인,웹 표준에 맞는 HTML5 프로그래밍(2020년),8.2
1372,한기대 온라인,웹디자인의 이해,3.8
1373,한기대 온라인,윈도우 서버 기초Ⅰ,5
1374,한기대 온라인,윈도우 서버 기초Ⅱ,4.6
1375,한기대 온라인,응용 SW 기초 기술 활용 part 1,7
1376,한기대 온라인,응용 SW 기초 기술 활용 part 2,6
1377,한기대 온라인,응용 애플리케이션 개발을 위한 자바 프로그래밍,7.2
1378,한기대 온라인,응용SW 운영관리,6.4
1379,한기대 온라인,이동통신시스템 이해,5.2
1380,한기대 온라인,이산수학,24.4
1381,한기대 온라인,인공신경망 모델 학습 분석 및 활용,3.6
1382,한기대 온라인,인공지능,18.6
1383,한기대 온라인,인공지능 기술 및 서비스 이해,4.8
1384,한기대 온라인,인공지능 자연어 처리,4.6
1385,한기대 온라인,인공지능(AI) 기반 문제 해결 설계,6
1386,한기대 온라인,인공지능(AI) 기반 비정형 데이터 분석,9.2
1387,한기대 온라인,인공지능(AI) 데이터 수집,5.8
1388,한기대 온라인,인공지능(AI) 데이터와 기계학습 이해,5.8
1389,한기대 온라인,인공지능(AI) 모델 검증 평가,5.6
1390,한기대 온라인,인공지능(AI) 모델 구현,6.6
1391,한기대 온라인,인공지능(AI) 모델 응용,6.8
1392,한기대 온라인,인공지능(AI) 분석 데이터 추출,5.6
1393,한기대 온라인,인공지능(AI) 비즈니스 적용전략,5.8
1394,한기대 온라인,인공지능(AI) 서비스 개발 기초,4
1395,한기대 온라인,인공지능(AI) 서비스 기획,5.6
1396,한기대 온라인,인공지능(AI) 서비스 활용 기획,7.4
1397,한기대 온라인,인공지능(AI) 서비스를 위한 알고리즘 및 구현,6.4
1398,한기대 온라인,인공지능(AI) 설계 및 요구사항 분석,5.8
1399,한기대 온라인,인공지능(AI) 프로그래밍,6.6
1400,한기대 온라인,인공지능(AI) 학습용 데이터 구축,7.2
1401,한기대 온라인,"인공지능(AI), 빅데이터 서비스 트렌드 분석",6
1402,한기대 온라인,인공지능(AI)을 위한 데이터 가공,5.6
1403,한기대 온라인,인터넷 프로그래밍(2021년),22.8
1404,한기대 온라인,인터페이스 구현(응용SW개발),6.2
1405,한기대 온라인,임베디드 어플리케이션 구현,8.8
1406,한기대 온라인,임베디드 콘트롤러 기초,6.2
1407,한기대 온라인,자료구조,22
1408,한기대 온라인,장비간 통신을 위한 라우팅과 스위칭 기술,5.2
1409,한기대 온라인,정보 보안 보호법_1,6.2
1410,한기대 온라인,정보 보안 보호법_2,4.8
1411,한기대 온라인,정보 보안 실무,10.8
1412,한기대 온라인,정보기술 전략 관리 이해,7.6
1413,한기대 온라인,정보보안을 위한 모델링 및 시뮬레이션,2.6
1414,한기대 온라인,정보보호개론,7.8
1415,한기대 온라인,정보전략계획(ISP) 방법론,7.4
1416,한기대 온라인,정보통신 프로젝트 관리,8.2
1417,한기대 온라인,제4차 산업혁명,1
1418,한기대 온라인,제품소프트웨어 패키징,7.2
1419,한기대 온라인,증강현실(AR) 시스템 개발,6.6
1420,한기대 온라인,차세대 이동통신 기술의 진화,0.4
1421,한기대 온라인,차세대 통합위협관리(UTM)와 차세대 방화벽(NGFW),1
1422,한기대 온라인,창의적 공학설계,12
1423,한기대 온라인,초고속통신 회선 개통,10.2
1424,한기대 온라인,초보자를 위한 Oracle SQL Database,8.8
1425,한기대 온라인,컴퓨터시스템,19.6
1426,한기대 온라인,케라스 프레임워크를 활용한 인공지능 딥러닝 개발 part1,1.2
1427,한기대 온라인,케라스 프레임워크를 활용한 인공지능 딥러닝 개발 part2,1.2
1428,한기대 온라인,코드를 몰라도 프로그래밍이 가능한 '애저 머신러닝 스튜디오'의 세계,1.2
1429,한기대 온라인,코딩없이 만드는 증강현실(AR) UI/UX 디자인,5.8
1430,한기대 온라인,코틀린을 활용한 안드로이드 앱 개발,7
1431,한기대 온라인,클라우드 인프라 가상화,4.2
1432,한기대 온라인,클라우드 인프라 네트워크 구성,3.8
1433,한기대 온라인,클라우드 인프라 스토리지 구성,4
1434,한기대 온라인,클라우드 인프라 아키텍처 설계,8.2
1435,한기대 온라인,클라우드 컴퓨팅,2
1436,한기대 온라인,클라우드 컴퓨팅의 이해,4
1437,한기대 온라인,클라우드 컴퓨팅의 활용,4.2
1438,한기대 온라인,타입스크립트 기반 앵귤러 활용,5
1439,한기대 온라인,텍스트 데이터 분석,9.2
1440,한기대 온라인,텍스트 데이터 전처리 활용,6.4
1441,한기대 온라인,통계 기반 데이터 분석,9.6
1442,한기대 온라인,통계 기반 데이터 해석,7.2
1443,한기대 온라인,통신공학,6
1444,한기대 온라인,통합 구현,8.8
1445,한기대 온라인,"통합 구현(Spring, Django)",6.6
1446,한기대 온라인,파이썬 라이브러리로 하는 데이터 분석과 시각화,6
1447,한기대 온라인,파이썬 프로그래밍(2019년),8.6
1448,한기대 온라인,"파이썬으로 하는 주식, 암호화폐 시장 데이터 분석",1.6
1449,한기대 온라인,파이썬을 이용한 GUI 프로그래밍,9.4
1450,한기대 온라인,파이썬을 활용한 이미지 데이터 분석,10.4
1451,한기대 온라인,파이썬을 활용한 인공지능 자연어 처리(실습),5.6
1452,한기대 온라인,펌웨어 설계(ARM Cortex-M),10.4
1453,한기대 온라인,펌웨어구현,11.4
1454,한기대 온라인,펌웨어구현 환경구축,6.6
1455,한기대 온라인,프로그래밍 언어 활용 part 1,8.4
1456,한기대 온라인,프로그래밍 언어 활용 part 2,8.4
1457,한기대 온라인,프로젝트 보안관리(IT 사례 중심),7.2
1458,한기대 온라인,프로젝트 통합관리(IT 사례 중심),7.4
1459,한기대 온라인,프론트엔드 개발자를 위한 Vue.js 시작하기,9.4
1460,한기대 온라인,플러터(Flutter)를 통한 앱 프로그래밍 입문,4.6
1461,한기대 온라인,하이퍼레저를 활용한 블록체인 환경 구축,7
1462,한기대 온라인,화면 구현 part 1,5.4
1463,한기대 온라인,화면 구현 part 2,5.4
1464,한기대 온라인,화면 설계(응용SW개발),6.2
1465,한기대 온라인,[NCS 직업기초능력] 기술능력,5.4
1466,한기대 온라인,[NCS 직업기초능력] 대인관계능력,6.6
1467,한기대 온라인,[NCS 직업기초능력] 문제해결능력,5.6
1468,한기대 온라인,[NCS 직업기초능력] 수리능력,5.2
1469,한기대 온라인,[NCS 직업기초능력] 의사소통능력,5.2
1470,한기대 온라인,[NCS 직업기초능력] 자기개발능력,5
1471,한기대 온라인,[NCS 직업기초능력] 자원관리능력,5.6
1472,한기대 온라인,[NCS 직업기초능력] 정보능력,5.6
1473,한기대 온라인,[NCS 직업기초능력] 조직이해능력,5.2
1474,한기대 온라인,[NCS 직업기초능력] 직업윤리,5.2
1475,한기대 온라인,[기초직업능력] 정보처리능력,0
1476,한기대 온라인,[기초직업능력] 컴퓨터활용능력,0
1477,한기대 온라인,[디지털 기초역량] 슬기로운 디지털 생활 (잡호핑),0.4
1478,한기대 온라인,"[취업온더로드] ODA, 해외취업분야 현장전문가를 찾아서",2
1479,한기대 온라인,"[취업온더로드] 미용분야(스타일링, 메이크업) 현장전문가를 찾아서",1.8
1480,한기대 온라인,"[취업온더로드] 법률, 소방분야 현장전문가를 찾아서",1.8
1481,한기대 온라인,"[취업온더로드] 보건의료분야(병원행정, 간호) 현장전문가를 찾아서",1.8
1482,한기대 온라인,"[취업온더로드] 사회복지분야(산후육아, 심리상담) 현장전문가를 찾아서",1.8
1483,한기대 온라인,"[취업온더로드] 운전운송분야(파일럿, 물류) 현장전문가를 찾아서",1.8
1484,한기대 온라인,[취업온더로드] 음식서비스분야 현장전문가를 찾아서,1.8
1485,한기대 온라인,"[취업온더로드] 화학, 바이오분야 현장전문가를 찾아서",1.8
1486,한기대 온라인,100분만에 완전 정복! PPT 응급키트,1.8
1487,한기대 온라인,21세기에 만나는 아테네의 철학자들,1.8
1488,한기대 온라인,21세기에 만나는 퇴계의 성리학,1.8
1489,한기대 온라인,"4차 산업혁명, 용어 속의 본질을 보라",1.8
1490,한기대 온라인,AI 비즈니스 임팩트,1.8
1491,한기대 온라인,"AI 시대, 인간의 경쟁력",1.8
1492,한기대 온라인,AI 음성 기술로 탄생하는 목소리,1.8
1493,한기대 온라인,D2C 시대 기업 전략,1.6
1494,한기대 온라인,"IT 혁명의 역사, 새로운 역사",1.8
1495,한기대 온라인,MD의 모든 것,1.8
1496,한기대 온라인,Python을 활용한 데이터 분석 실습,2
1497,한기대 온라인,"가구기업, 직무부터 트렌드까지",1.6
1498,한기대 온라인,감성 콘텐츠로 퍼스널 브랜딩하라,1.8
1499,한기대 온라인,감정 수업,1.8
1500,한기대 온라인,거꾸로 보는 팀워크 심리학,1.8
1501,한기대 온라인,건강한 미래도시 건축가의 길,1.8
1502,한기대 온라인,"건축, 삶을 짓고 미래를 꿈꾼다",1.8
1503,한기대 온라인,검사 출신 변호사가 알려주는 법조인의 모든 것,1.8
1504,한기대 온라인,경영·회계·사무분야 현장전문가의 이야기를 듣다,1.2
1505,한기대 온라인,경제를 읽는 신호 인플레이션,1.8
1506,한기대 온라인,"경호원, 경비지도사의 A to Z",1.8
1507,한기대 온라인,공존지수 NQ를 높여라!,1.8
1508,한기대 온라인,과학과 문학의 크로스,1.8
1509,한기대 온라인,과학의 눈으로 바라보는 음악,1.8
1510,한기대 온라인,"굿 프라핏의 조건, ESG",1.8
1511,한기대 온라인,"궁극의 마케팅, 팬덤 만들기",1.8
1512,한기대 온라인,"그들의 성공비법, 인문학",1.8
1513,한기대 온라인,글로벌 인재의 조건,1.8
1514,한기대 온라인,금융을 바꾼 게임 체인저 핀테크,1.8
1515,한기대 온라인,"기술의 변화, 변화의 파도에 올라타라",0.8
1516,한기대 온라인,"기술이 만든 역사, 기술이 만들 미래",1.8
1517,한기대 온라인,기업 인재 육성의 선봉! 기업교육 강사들의 약진,1.8
1518,한기대 온라인,기차를 사랑하는 철도인의 세계,1.8
1519,한기대 온라인,기후변화가 바꾸는 세계경제,1.8
1520,한기대 온라인,"기후의 변화, 일자리의 패러다임이 바뀐다",0.8
1521,한기대 온라인,"꿈을 여는 생애설계, 중년 재취업 프로젝트",2
1522,한기대 온라인,끌리는 브랜드의 법칙,1.6
1523,한기대 온라인,나는 1인 기업이다,1.8
1524,한기대 온라인,나는 안전환경 담당자입니다,1.8
1525,한기대 온라인,나를 지키는 긍정의 심리학,1.8
1526,한기대 온라인,나와 조직을 성장시키는 팀워크 향상 노하우,1.8
1527,한기대 온라인,내 삶의 옥편,1.8
1528,한기대 온라인,내게 딱 맞는 포트폴리오 작성법,2
1529,한기대 온라인,내일을 여는 고전문학,1.6
1530,한기대 온라인,내일을 여는 장자의 도(道),1.8
1531,한기대 온라인,너와 다른 나,1.8
1532,한기대 온라인,"네 글자 인문학, 고사성어",1.8
1533,한기대 온라인,노자 철학을 알면 기업 경영이 보인다,1.8
1534,한기대 온라인,논리야 글 쓰자,1.6
1535,한기대 온라인,"뉴 스페이스, 우주가 블루오션이다!",1.8
1536,한기대 온라인,뉴노멀 시대 마케팅,1.6
1537,한기대 온라인,뉴노멀 시대 면접 전략,1.8
1538,한기대 온라인,뉴노멀 시대의 리테일,1.8
1539,한기대 온라인,당신을 브랜딩 하라,1.8
1540,한기대 온라인,당신의 삶을 여는 플랫폼 경제,1.8
1541,한기대 온라인,당신의 커뮤니케이션 능력이 향상됐습니다,1.8
1542,한기대 온라인,당신이 몰랐던 공유경제 이야기,1.8
1543,한기대 온라인,대들보를 높이 올려라! 젊은 목수들의 반란,1.8
1544,한기대 온라인,데이터 경제 시대 AI 기술 활용법,1.8
1545,한기대 온라인,도시로 만나는 유럽사,1.6
1546,한기대 온라인,동전의 양면 부채,1.8
1547,한기대 온라인,동학 개미로 보는 주식 이야기,1.8
1548,한기대 온라인,디지털 패션 시대 인재의 조건,1.6
1549,한기대 온라인,디지털 화폐의 등장으로 변한 돈의 미래,1.8
1550,한기대 온라인,"똑똑한 미래농업, 스마트팜",1.6
1551,한기대 온라인,라이프스타일을 제안하는 스타트업,1.8
1552,한기대 온라인,마음미술관,1.8
1553,한기대 온라인,마음을 전하는 식음료 서비스인의 세계,2
1554,한기대 온라인,메타버스 시대 마케팅 전략,1.6
1555,한기대 온라인,"메타버스, 새로운 시대를 열다",1.8
1556,한기대 온라인,"면접을 위한 첫인상, 첫 1분을 사로잡는 법",2.2
1557,한기대 온라인,명화를 통해 바라보는 예술가의 심리학,1.8
1558,한기대 온라인,"문제해결의 열쇠, 논리학",1.8
1559,한기대 온라인,"문학 영상 콘텐츠로 본 중국, 중국인",1.6
1560,한기대 온라인,문화·예술·디자인분야 현장전문가의 이야기를 듣다,1.4
1561,한기대 온라인,미래를 조종하는 드론전문가의 세계,1.8
1562,한기대 온라인,"미래의 연금술사, 재료공학기술자의 세계",1.8
1563,한기대 온라인,"밀레니얼, 웬만해선 그들과 일할 수 없다",1.8
1564,한기대 온라인,병원 선배가 알려주는 병원탐구생활,1.8
1565,한기대 온라인,브랜드의 언어,1.8
1566,한기대 온라인,비개발자를 위한 IT지식,1.8
1567,한기대 온라인,비즈니스 단어 노트,1.8
1568,한기대 온라인,빅데이터 커리어 지도,1.8
1569,한기대 온라인,사마천의 사기에서 기업 경영을 배우다,1.8
1570,한기대 온라인,"사물인터넷, 삶과 미래를 잇다",1.6
1571,한기대 온라인,"사상, 미래를 읽는 눈",1.8
1572,한기대 온라인,사회초년 취업준비생을 위한 자기소개서 작성법,2
1573,한기대 온라인,사회초년 취업준비생을 위한 필수 면접 전략,2.2
1574,한기대 온라인,사회초년생을 위한 기획의 모든 것,2
1575,한기대 온라인,삶을 바꾸는 영화 인문학,1.8
1576,한기대 온라인,"상식의 변화, 미래는 이미 시작됐다",0.8
1577,한기대 온라인,새로운 비즈니스 모델 블록체인,1.8
1578,한기대 온라인,생산분야 현장전문가의 이야기를 듣다,1.2
1579,한기대 온라인,생존을 위한 선택 디지털 트랜스포메이션,1.8
1580,한기대 온라인,서비스인이 갖춰야 할 이미지메이킹과 스피치 스킬,1.8
1581,한기대 온라인,서양 고전으로 세상 읽기,1.8
1582,한기대 온라인,성공적인 이직을 위한 핵심 커리어 전략,1.8
1583,한기대 온라인,성공하는 직장인의 대인관계 노하우,2
1584,한기대 온라인,세계 경제와 미·중 신 냉전,1.8
1585,한기대 온라인,세계사를 바꾼 무역,1.8
1586,한기대 온라인,세계사를 바꾼 발명과 발견,1.8
1587,한기대 온라인,세상에 온기를 전하는 사회복지사,1.8
1588,한기대 온라인,세상을 바꾸는 기술 트렌드 '취업의 맥',1.8
1589,한기대 온라인,세상을 바꾸는 수학의 힘,1.8
1590,한기대 온라인,세상을 바꾸는 신소재 전문가의 길,1.8
1591,한기대 온라인,"세상을 보는 눈, 실학",1.8
1592,한기대 온라인,세상을 여는 열쇠 빅데이터,1.8
1593,한기대 온라인,세종은 조선을 어떻게 변화시켰나,1.8
1594,한기대 온라인,소비 트렌드의 중심 MZ세대,1.8
1595,한기대 온라인,스마트팜에서 만난 젊은 농부,1.8
1596,한기대 온라인,스타트업 테크지도,1.8
1597,한기대 온라인,스타트업에서 일하는 이유,1.8
1598,한기대 온라인,"스토리에 가치를 더하다, 내러티브",1.8
1599,한기대 온라인,식민지근대화론 뒤집어보기,1.8
1600,한기대 온라인,식탁 위의 세계사,1.8
1601,한기대 온라인,신약 개발의 꿈,1.8
1602,한기대 온라인,실리콘밸리는 어떻게 일할까?,1.6
1603,한기대 온라인,실사구시를 오늘에 구현하는 법,1.8
1604,한기대 온라인,실전에서 자주 쓰는 인포그래픽 핵심 패턴,2
1605,한기대 온라인,심리학으로 본 이슈와 트렌드,1.8
1606,한기대 온라인,아는 만큼 보이는 금융권 취업 노하우,1.6
1607,한기대 온라인,"안전과 안심 지킴이, 경호원과 보안요원의 모든 것",1.8
1608,한기대 온라인,언제나 1등은 당신,1.6
1609,한기대 온라인,역사적 사건과 경제,1.8
1610,한기대 온라인,영업분야 현장전문가의 이야기를 듣다,1.2
1611,한기대 온라인,영화로 보는 취준생 필수 과학 키워드,1.8
1612,한기대 온라인,예비 손해사정사를 위한 배경지식 쌓기,1.8
1613,한기대 온라인,예술에 숨은 경제이론,1.6
1614,한기대 온라인,"온라인 유통 전성시대, 유통의 미래 전망",1.8
1615,한기대 온라인,옷장 속 인문학 패션의 융합,1.8
1616,한기대 온라인,와썹 K푸드 파이터,1.8
1617,한기대 온라인,요즘 애들,1.8
1618,한기대 온라인,요즘 팀장은 이렇게 일합니다,1.8
1619,한기대 온라인,우리가 살아가는 도시와 부동산,1.8
1620,한기대 온라인,유연함의 기술,1.6
1621,한기대 온라인,유통물류 글로벌 미래 비전,1.6
1622,한기대 온라인,"유통의 트렌드, 옴니채널",1.8
1623,한기대 온라인,이순신의 경영학,1.8
1624,한기대 온라인,이직자를 위한 핵심 면접 전략,2
1625,한기대 온라인,인간관계 때문에 취업이 무서워,1.8
1626,한기대 온라인,인간관계의 심리학,1.6
1627,한기대 온라인,"인간을 이해하는 기술, 기술을 이해하는 인간",1.8
1628,한기대 온라인,인공지능 시대를 말하다,2
1629,한기대 온라인,인구변화가 곧 모든 경제변화의 시작이다,1.8
1630,한기대 온라인,"인구의 변화, 위기를 기회로 바꿔라",0.8
1631,한기대 온라인,인류를 구하는 발명가? 플랜트 엔지니어를 만나다,1.8
1632,한기대 온라인,인류의 역사와 함께해 온 과학적 명화,1.8
1633,한기대 온라인,인문학으로 나를 경영하라,1.8
1634,한기대 온라인,인문학을 사랑했던 위대한 엔지니어들,1.8
1635,한기대 온라인,인사팀 직접 공개! 가구기업 취업 꿀팁,1.8
1636,한기대 온라인,일 잘하는 사람의 시간은 다르게 흘러간다,1.6
1637,한기대 온라인,일상 속의 뇌과학,1.8
1638,한기대 온라인,일잘러가 보고서 쓰는 법,1.8
1639,한기대 온라인,자기관리의 모든 것,1.6
1640,한기대 온라인,자존감 수업,1.6
1641,한기대 온라인,잘 팔리는 디지털 마케팅,1.8
1642,한기대 온라인,잡톡(Job Talk),1.8
1643,한기대 온라인,전 세계가 주목하는 ESG 경영,1.8
1644,한기대 온라인,전기전자 멘토를 만나다,1.6
1645,한기대 온라인,전기전자 분야 취업타파,1.8
1646,한기대 온라인,전직·재취업자 맞춤! 조직 적응 노하우,2
1647,한기대 온라인,정보통신분야 현장전문가의 이야기를 듣다,1.2
1648,한기대 온라인,조선 시대 르네상스를 이끈 영·정조의 리더십,1.8
1649,한기대 온라인,조선의 베스트셀러 작가 연암 박지원의 글쓰기 비결,1.6
1650,한기대 온라인,"종교와 세상, 세상과 종교",1.8
1651,한기대 온라인,중·장년층 맞춤! 디지털 커뮤니케이션 노하우,2
1652,한기대 온라인,"지금 이 순간, 열정으로 나빌레라",2
1653,한기대 온라인,지금은 구독경제 시대,1.8
1654,한기대 온라인,직장인이 꼭 알아야 할 직업윤리,1.8
1655,한기대 온라인,창의력의 비밀,2
1656,한기대 온라인,창의적 아이디어를 얻는 생각 실험,1.8
1657,한기대 온라인,찾아라! 맛의 승부사,1.8
1658,한기대 온라인,채용 프로세스와 자기소개서 작성 스킬,2.2
1659,한기대 온라인,철학으로 보는 근대,1.8
1660,한기대 온라인,"첫 사회생활, 진로설계로 시작할까요?",2
1661,한기대 온라인,"취업 성공 전략, 비즈니스 모델 A to Z",1.8
1662,한기대 온라인,취업 성패를 가르는 핵심역량,1.8
1663,한기대 온라인,취업정보 Pick 경영·회계·사무분야 멘토링,2.2
1664,한기대 온라인,취업정보 Pick 문화·예술·디자인분야 멘토링,1.8
1665,한기대 온라인,취업정보 Pick 생산분야 멘토링,1.6
1666,한기대 온라인,취업정보 Pick 영업분야 멘토링,1.2
1667,한기대 온라인,취업정보 Pick 정보통신분야 멘토링,1.8
1668,한기대 온라인,"취준생, 미래 CEO를 위한 법 상식",2
1669,한기대 온라인,취준생을 위한 심리분석,1.8
1670,한기대 온라인,"코로나 이후 세계, 넥스트 노멀",1.8
1671,한기대 온라인,"콘텐츠의 블루오션, 인문학",1.6
1672,한기대 온라인,타임 매니지먼트,1.8
1673,한기대 온라인,탄소 중립이란 무엇인가,1.8
1674,한기대 온라인,포스트 코로나 시대의 커뮤니케이션,1.8
1675,한기대 온라인,프레젠테이션 면접 고수의 비법,1.8
1676,한기대 온라인,프로 일잘러가 되는 법,1.8
1677,한기대 온라인,"프로젝트의 지휘자, 사업관리자의 세계",1.8
1678,한기대 온라인,한 번에 꿰는 한국문학,1.8
1679,한기대 온라인,한반도에는 누가 살았을까,1.8
1680,한기대 온라인,혁명의 역사로 본 세계사,1.8
1681,한기대 온라인,혼자만 알고 싶은 자소서 비법노트,2
1682,한기대 온라인,디지털 플랫폼 이해,3.8
1683,한기대 온라인,플랫폼 비즈니스 모델과 전략 수립,3.8
1684,한기대 온라인,플랫폼 비즈니스 운영 실전 사례,3
1685,한기대 온라인,플랫폼 비즈니스 창업,3.2
1686,한기대 온라인,플랫폼 종사 개념 및 특성,4
1687,한기대 온라인,플랫폼 종사 관련 법 및 정책,4.2
1688,한기대 온라인,플랫폼 종사 실전편: (1) 배달 플랫폼 라이더,1.6
1689,한기대 온라인,플랫폼 종사 실전편: (2) 가정관리사,2.8
1690,한기대 온라인,플랫폼 종사 실전편: (3) 대리운전기사,2
1691,한기대 온라인,"플랫폼 종사 실전편: (4) 웹툰, 웹소설가",1.4
1692,한기대 온라인,플랫폼 종사 실전편: (5) 전문직종 프리랜서,2.2
1693,한기대 온라인,플랫폼 종사자 세무 및 보험 제도 이해,1.6
1694,한기대 온라인,플랫폼 종사자의 서비스 노하우,1.6
1695,한기대 온라인,플랫폼 종사자의 인권에 대한 이해: (1) 배달 플랫폼 라이더,1.2
1696,한기대 온라인,플랫폼 종사자의 인권에 대한 이해: (2) 가정관리사,1.4
1697,한기대 온라인,플랫폼 종사자의 인권에 대한 이해: (3) 대리운전기사,0.8
1698,한기대 온라인,"플랫폼 종사자의 인권에 대한 이해: (4) 웹툰, 웹소설가",1.2
1699,한기대 온라인,플랫폼 종사자의 인권에 대한 이해: (5) 전문직종 프리랜서,1.2
1700,한기대 온라인,플랫폼 종사자의 자기관리: 건강관리,1
1701,한기대 온라인,플랫폼 종사자의 자기관리: 안전관리,0.8
1702,한기대 온라인,Creating an Analysis Plan,7.2
1703,한기대 온라인,ICP를 활용한 화학성분 분석,1
1704,한기대 온라인,"고분자, 나노소재개론",7
1705,한기대 온라인,고분자화학,3.6
1706,한기대 온라인,공정흐름도 작성,4.4
1707,한기대 온라인,기초 화학분석,8
1708,한기대 온라인,모델링을 통한 연구개발,0.6
1709,한기대 온라인,미생물 배양하기,4.8
1710,한기대 온라인,바이오의약품 생산 및 분석 기술 이해,5
1711,한기대 온라인,발효 생산물 분리·정제하기,3.8
1712,한기대 온라인,범용 폴리머의 이해 및 활용,5.8
1713,한기대 온라인,분광 분석(분광법 기초 및 원자분광법),8.8
1714,한기대 온라인,분광 분석(분자분광법),8.6
1715,한기대 온라인,분석계획수립,5.6
1716,한기대 온라인,생분해성 플라스틱 제조기술,4.2
1717,한기대 온라인,세라믹 화학,6.8
1718,한기대 온라인,세라믹화학센서 개론,4.2
1719,한기대 온라인,알기 쉬운 화학 기초 이론,2.8
1720,한기대 온라인,연구개발 계획수립(화학제품),7.2
1721,한기대 온라인,이화학기기 분석 part 1,7.6
1722,한기대 온라인,크로마토그래피 분석,8.8
1723,한기대 온라인,화학물질취급 위험성평가 part 1,7.6
1724,한기대 온라인,화학물질취급 위험성평가 part 2,5
1725,한기대 온라인,화학반응공학,8.4
1726,한기대 온라인,화학산업에서의 융합,0.2
1727,한기대 온라인,화학소재공정의 이해,3.6
1728,한기대 온라인,E-모빌리티 시대를 여는 배터리 기술,6
1729,한기대 온라인,건물 에너지절감 기술 교육,3.2
1730,한기대 온라인,그린 수소 생산을 위한 수전해 기술,5
1731,한기대 온라인,그린 수소 제조 및 저장 기술,4.6
1732,한기대 온라인,근로자 작업환경관리,7.2
1733,한기대 온라인,기계·전기 등 설비점검,7.6
1734,한기대 온라인,디지털 신기술과 미래에너지,8.8
1735,한기대 온라인,물리화학적 수처리기술,9
1736,한기대 온라인,비파괴검사 및 실습,7
1737,한기대 온라인,비파괴검사의 이해1,1.6
1738,한기대 온라인,비파괴검사의 이해2,3
1739,한기대 온라인,빅데이터기반 에너지 관리 및 운영 시스템의 이해,4
1740,한기대 온라인,산업재해관리(2022년),6.4
1741,한기대 온라인,산업재해보상보험법과 민사손해배상,7.4
1742,한기대 온라인,소화기 사용 / 비상구호 구급방법,1.8
1743,한기대 온라인,수소 에너지의 수송 및 활용,4.2
1744,한기대 온라인,수소 에너지의 제조 및 저장,4
1745,한기대 온라인,수소경제 이해하기,0
1746,한기대 온라인,신 대기오염 처리기술,3.6
1747,한기대 온라인,신에너지 공학,3.8
1748,한기대 온라인,신재생에너지 사업의 이해,4
1749,한기대 온라인,신재생에너지 태양광발전설비 이론,10
1750,한기대 온라인,에너지 안전공학,9
1751,한기대 온라인,에너지와 환경,5.4
1752,한기대 온라인,에너지플랜트 진단 기술 및 적용사례,6.4
1753,한기대 온라인,열역학 및 화재·폭발,5.2
1754,한기대 온라인,중대재해처벌법 제정 이해하기,3
1755,한기대 온라인,탄소 자원화와 CCUS,4
1756,한기대 온라인,태양광발전 제조/제어,5
1757,한기대 온라인,환경공학개론,2.2
1758,한기대 온라인,환경기기분석,2.6
1759,한기대 온라인,환경미생물실험,0.8
1760,한기대 온라인,환경미생물학,5.4
1761,한기대 온라인,환경영향평가,4.8
1762,한기대 온라인,환경정책이해,2.4
1763,한기대 온라인,환경통계 및 데이터 분석,3.2
1764,한기대 온라인,환경표지인증,2.2
1765,한기대 온라인,환경화학실험 및 설계,2.4
1765,GPC 온라인,New 올라 스페인어 문법,8.0
1766,GPC 온라인,New 엑시또스 비즈니스 스페인어 회화,8.0
1767,GPC 온라인,1분 영어 뉴스룸 - 데일리 빈출 뉴스,7.0
1768,GPC 온라인,시드니의 입이 열리는 꿀잼 영어 (기초 1),7.0
1769,GPC 온라인,시드니의 입이 열리는 꿀잼 영어 (기초 2),7.0
1770,GPC 온라인,[10minute English] 해외에서 가장 많이 쓰는 초간단 여행영어 회화 step1,5.0
1771,GPC 온라인,[10minute English] 해외에서 가장 많이 쓰는 초간단 여행영어 회화 step2,5.0
1772,GPC 온라인,[10minute English] 해외에서 가장 많이 쓰는 초간단 여행영어 회화 step3,5.0
1773,GPC 온라인,해커스톡 영어회화 10분의 기적 - 케바케 골라말하기 (전반부),8.0
1774,GPC 온라인,해커스톡 영어회화 10분의 기적 - 케바케 골라말하기 (후반부) ,8.0
1775,GPC 온라인,188개 상황으로 배우는 Biz 스피킹 (1),5.0
1776,GPC 온라인,188개 상황으로 배우는 Biz 스피킹 (2),5.0
1777,GPC 온라인,188개 상황으로 배우는 Biz 스피킹 (3),5.0
1778,GPC 온라인,뉴 루시쌤의 비즈니쉬 해외출장영어 기초편(1/2),5.0
1779,GPC 온라인,뉴 루시쌤의 비즈니쉬 해외출장영어 기초편(2/2),5.0
1780,GPC 온라인,실전에 바로 쓰는 ZOOM 비즈니스 영어회화 step1,5.0
1781,GPC 온라인,실전에 바로 쓰는 ZOOM 비즈니스 영어회화 step2,5.0
1782,GPC 온라인,실전에 바로 쓰는 ZOOM 비즈니스 영어회화 step3,5.0
1783,GPC 온라인,가장 쉬운 독학 중국어 첫걸음 step1,10.0
1784,GPC 온라인,가장 쉬운 독학 중국어 첫걸음 step2,10.0
1785,GPC 온라인,영어로 배우는 비타민 한국어 1 (1),12.0
1786,GPC 온라인,영어로 배우는 비타민 한국어 1 (2),8.0
1787,GPC 온라인,# SNS 대화로 배우는 초간단 일상 영어회화 (1/3),4.0
1788,GPC 온라인,# SNS 대화로 배우는 초간단 일상 영어회화 (2/3),4.0
1789,GPC 온라인,# SNS 대화로 배우는 초간단 일상 영어회화 (3/3),4.0
1790,GPC 온라인,나의 가벼운 학습지[일잘러 비즈니스영어] 면접편 (PDF교안 제공),4.0
1791,GPC 온라인,나의 가벼운 학습지[일잘러 비즈니스영어] 이메일편 (PDF교안 제공),3.0
1792,GPC 온라인,나의 가벼운 학습지[일잘러 비즈니스영어] 전화/미팅/PT편 (PDF교안 제공),3.0
1793,GPC 온라인,나의 가벼운 학습지[일잘러 비즈니스영어] 회화편 (PDF교안 제공),6.0
1794,GPC 온라인,[일본어뱅크] 요로시쿠 일본어회화 입문 (1/2),9.0
1795,GPC 온라인,[일본어뱅크] 요로시쿠 일본어회화 입문 (2/2),9.0
1796,GPC 온라인,[일본어뱅크] 요로시쿠 일본어회화 초급 (1/2),9.0
1797,GPC 온라인,[일본어뱅크] 요로시쿠 일본어회화 초급 (2/2),9.0
1798,GPC 온라인,[일본어뱅크] 요로시쿠 일본어회화 중급 (1/2),9.0
1799,GPC 온라인,[일본어뱅크] 요로시쿠 일본어회화 중급 (2/2),9.0
1800,GPC 온라인,JLPT N3 족집게 특강 Ver03,7.0
1801,GPC 온라인,JLPT N2 족집게 특강 Ver03,6.0
1802,GPC 온라인,JLPT N1 족집게 특강 Ver03,5.0
1803,GPC 온라인,(직장에서 성공하는) 비즈니스 영어 핵심패턴 233 - 영어회화편 step1,15.0
1804,GPC 온라인,(직장에서 성공하는) 비즈니스 영어 핵심패턴 233 - 영어회화편 step2,15.0
1805,GPC 온라인,(직장에서 성공하는) 비즈니스 영어 핵심패턴 233 - 프레젠테이션편,15.0
1806,GPC 온라인,10분으로 쉽게 마스터하는 비즈니스 계약 영어 Step1,4.0
1807,GPC 온라인,10분으로 쉽게 마스터하는 비즈니스 계약 영어 Step2,3.0
1808,GPC 온라인,10분으로 쉽게 마스터하는 비즈니스 이메일 영어 Step1,4.0
1809,GPC 온라인,10분으로 쉽게 마스터하는 비즈니스 이메일 영어 Step2,4.0
1810,GPC 온라인,[10분 독서로 배우는 Biz 센스] 어른들도 집중력 훈련이 필요합니다,6.0
1811,GPC 온라인,[10분 독서로 배우는 Biz 센스] DT 시대 직장인 코어스킬,8.0
1812,GPC 온라인,[리더다움]강점을 살리고 몰입을 이끄는 동기부여,8.0
1813,GPC 온라인,"[HR Insight]애자일, 최고의 팀을 디자인하라!",9.0
1814,GPC 온라인,슬기로운 리더생활: MZ세대 맞춤형 코칭,3.0
1815,GPC 온라인,생산기술 에센스 (생산기초),2.3
1816,GPC 온라인,생산기술 에센스 (열처리 & 표면처리),3.0
1817,GPC 온라인,생산기술 에센스 (기계가공),2.8
1818,GPC 온라인,생산기술 에센스 (용접 및 접합),1.8
1819,GPC 온라인,생산기술 에센스 (자동차 생산),2.8
1820,GPC 온라인,[카인사이드아웃] 내연기관 자동차 구조학,0.0
1821,GPC 온라인,[카인사이드아웃] 친환경 자동차 구조학,0.0
1822,GPC 온라인,[생긴일] 직장 내 성희롱 예방교육,1.0
1823,GPC 온라인,[달라도 빛나] 장애인 인식 개선교육,1.0
1824,GPC 온라인,[개인정보보호it슈] 개인정보 보호 교육,1.0
1825,GPC 온라인,[STOP&GO] 직장 내 괴롭힘 예방교육,1.0
1826,GPC 온라인,공정거래 컴플라이언스 실무과정,4.0
1827,GPC 온라인,Value-up을 위한 핵심가치와 윤리경영,4.0
1828,GPC 온라인,중대재해처벌법,2.0
1829,GPC 온라인,"[핵심만콕] 뉴노멀 시대, 기업정보보안",4.0
1830,GPC 온라인,갑질재발 예방교육,1.0
1831,GPC 온라인,ESG 혁명 대비전략 전사원을 교육하라!,8.0
1832,GPC 온라인,산업안전보건교육(사무직-제조업)_상반기,6.0
1833,GPC 온라인,산업안전보건교육(비사무직-제조업)_상반기,12.0
1834,GPC 온라인,단조 품질 기술교육(2024년),1.7
1835,GPC 온라인,열처리 품질 기술교육(2024년),1.7
1836,GPC 온라인,프레스 품질 기술교육(2024년),1.7
1837,GPC 온라인,용접 품질 기술교육(2024년),1.7
1838,GPC 온라인,AL주조 품질 기술교육(2024년),1.7
1839,GPC 온라인,절삭가공 품질 기술교육(2024년),1.7
1840,GPC 온라인,금속도금 품질 기술교육(2024년),1.7
1841,GPC 온라인,도장 품질 기술교육(2024년),1.7
1842,GPC 온라인,사출 품질 기술교육(2024년),1.7
1843,GPC 온라인,고무 품질 기술교육(2024년),1.7
1844,GPC 온라인,전기전자 품질 기술교육(2024년),1.7
1845,GPC 온라인,품질인이라면 꼭 알아야 할 기본 지식 22 [1~4 품질경영],0.7
1846,GPC 온라인,품질인이라면 꼭 알아야 할 기본 지식 22 [5~8 품질 문제 해결],0.7
1847,GPC 온라인,품질인이라면 꼭 알아야 할 기본 지식 22 [9~12 품질 관리 실천],0.7
1848,GPC 온라인,품질인이라면 꼭 알아야 할 기본 지식 22 [13~19 품질과 통계],1.2
1849,GPC 온라인,품질인이라면 꼭 알아야 할 기본 지식 22 [20~22 코어툴],0.5
1850,GPC 온라인,프리젠테이션 과정,3.5
1851,GPC 온라인,기초통계 및 데이터 분석,6.4
1852,GPC 온라인,예방중심의 통계적 공정관리(SPC),2.8
1853,GPC 온라인,CREO 입문(인트로),0.8
1854,GPC 온라인,통상법규 및 인증,0.2
1855,GPC 온라인,미래 에너지,0.7
1856,GPC 온라인,미래 에너지(2),0.6
1857,GPC 온라인,스타트 업,0.3
1858,GPC 온라인,전자제어기(하드웨어) 이해,1.2
1859,GPC 온라인,자동차 소프트웨어,0.0
1860,GPC 온라인,차량용 통신시스템의 이해,0.8
1861,GPC 온라인,모터의 이해,1.7
1862,GPC 온라인,자동차 센서와 계측공학,1.3
1863,GPC 온라인,반도체와 반도체 제조공정,1.1
1864,GPC 온라인,IMDS 업무 프로세스 및 데이터 입력방법,1.3
1865,GPC 온라인,글로벌 환경 법규(화학물질 규제),0.2
1866,GPC 온라인,"불량 ZERO, 공정에서 끝낸다",0.4
1867,GPC 온라인,자동차 아키텍처 교육,0.4
1868,GPC 온라인,도요타 생산현장의 비밀,0.6
1869,GPC 온라인,자동차 관련 주요정책. 제도 변경사항,0.4
1870,GPC 온라인,기능안전 표준의 이해 (ISO 26262 2nd) (Ⅰ),6.7
1871,GPC 온라인,기능안전 표준의 이해 (ISO 26262 2nd) ( Ⅱ ),5.1
1872,GPC 온라인,협력사 안전관리 우수사례 (책임관리자),0.6
1873,GPC 온라인,협력사 안전관리 우수사례 (현장관리자),0.6
1874,GPC 온라인,협력사 안전관리 우수사례 (현장작업자),1.0
1875,GPC 온라인,[현대자동차그룹 협력사] ESG 교육,0.4
1876,GPC 온라인,현장 작업자 정성품질 마인드 제고,1.0
1877,GPC 온라인,협력사 관세환급 (1차 협력사),1.0
1878,GPC 온라인,협력사 관세환급 (2차 협력사),1.0
1879,GPC 온라인,현대차/기아 협력사 ESG 교육 (심화과정),1.0
1880,GPC 온라인,"완벽체결, 고객과 우리를 위한 안전약속",0.4
1881,GPC 온라인,2023 함께하는 미래,0.7
1882,GPC 온라인,소프트웨어로 여는 SDV와 SDC 전환,0.0
1883,GPC 온라인,[외국인 근로자] 원가의 중요성(Importance of Cost)_영어,0.5
1884,GPC 온라인,[외국인 근로자] 생산성이란 무엇인가(What is productivity?)_영어,0.7
1885,GPC 온라인,[외국인 근로자] 품질의 이해(Understanding Quality)_영어,0.3
1886,GPC 온라인,[외국인 근로자] 원가의 중요성(成本的重要性)_중국어,0.5
1887,GPC 온라인,[외국인 근로자] 생산성이란 무엇인가(什么是生产效率呢?)_중국어,0.7
1888,GPC 온라인,[외국인 근로자] 품질의 이해(了解质量)_중국어,0.3
1889,GPC 온라인,[외국인 근로자] 원가의 중요성(Важность  стоимости)_러시아어,0.5
1890,GPC 온라인,[외국인 근로자] 생산성이란 무엇인가(Что такое Продуктивность?)_러시아어,0.7
1891,GPC 온라인,[외국인 근로자] 품질의 이해(Понимание качества)_러시아어,0.3
1892,GPC 온라인,[외국인 근로자] 원가의 중요성(Tầm Quan trọng của Chi phí)_베트남어,0.5
1893,GPC 온라인,[외국인 근로자] 생산성이란 무엇인가(Năng suất là Gì?)_베트남어,0.7
1894,GPC 온라인,[외국인 근로자] 품질의 이해(Quan niệm về Chất lượng)_베트남어,0.3
1895,GPC 온라인,[외국인 근로자] 원가의 중요성(សារៈសំខាន់នៃថ្លៃដើម)_크메르어,0.5
1896,GPC 온라인,[외국인 근로자] 생산성이란 무엇인가(អ្វីជា ផលិតភាព?)_크메르어,0.7
1897,GPC 온라인,[외국인 근로자] 품질의 이해(ការស្វែងយល់អំពីគុណភាព)_크메르어,0.3
1898,GPC 온라인,협력사 신뢰성 개념 과정,1.0
1899,GPC 온라인,2024 현대자동차그룹 글로벌 안전품질 전략,0.7
1900,GPC 온라인,"[EV 캐즘] 테크기업, 어떻게 캐즘을 돌파했나",1.5
1901,GPC 온라인,"월파(越波), 만리장성을 넘어 전 세계를 뒤덮는 중국 자동차 쓰나미",0.7
1902,GPC 온라인,2024 함께하는 미래,0.5
1903,GPC 온라인,협력사 부품 LCA 수행절차,1.4
1904,GPC 온라인,협력사 ESG 전문가 양성 기초교육,5.0
1905,GPC 온라인,원가계산과 가격결정,0.4
1906,GPC 온라인,재무제표 분석 및 경영진단,1.0
1907,GPC 온라인,전장부품 제조공정과 PQR,4.2
1908,GPC 온라인,(VR_Web)사고사례로 배우는 산업안전보건훈련-작업자편,1.0
1909,GPC 온라인,(VR_Web)사출금형 및 성형기운용,1.0
1910,GPC 온라인,(VR_Web)유압식 현가장치 정비,1.0
1911,GPC 온라인,(VR_Web)자동차 가솔린엔진 정비-기계장치,1.0
1912,GPC 온라인,(VR_Web)자동차 가솔린엔진 정비-전자제어장치,1.0
1913,GPC 온라인,(VR_Web)자동차 기본정비 및 운전방법,1.0
1914,GPC 온라인,"(VR_Web)자동차 섀시정비 훈련: 조향장치, 제동장치",1.0
1915,GPC 온라인,(VR_Web)전기자동차 구조 및 모듈별 특성,1.0
1916,GPC 온라인,[4차산업혁명 MBA] 디지털 트랜스포메이션,16.0
1917,GPC 온라인,[4차산업혁명 테크놀로지] 기술이 미래를 바꾸는 순간,12.0
1918,GPC 온라인,[NCS]실전으로 배우는 모터 제어_1,13.0
1919,GPC 온라인,[NCS]실전으로 배우는 모터 제어_2,17.0
1920,GPC 온라인,[공학분야 신직업] 빅데이터 전문가,10.0
1921,GPC 온라인,[대인관계능력] 인생을 바꾸는 사회생활 백서,4.0
1922,GPC 온라인,[디지털 기초역량] 슬기로운 디지털 생활 (뉴노멀 시대의 인재),1.0
1923,GPC 온라인,[디지털 기초역량] 슬기로운 디지털 생활 (디지털 협업),1.0
1924,GPC 온라인,[디지털 기초역량] 슬기로운 디지털 생활 (현실 속 메타버스),1.0
1925,GPC 온라인,[문제해결능력] No Problem! 문제해결을 위한 절차와 사고력,4.0
1926,GPC 온라인,[수리능력] 센스있는 일잘러가 갖춘 수리능력,4.0
1927,GPC 온라인,[조직이해능력] 조직과 나의 업무를 알면 미래가 보인다,4.0
1928,GPC 온라인,"[직업윤리] 직업인으로서 필수 규범, 직업윤리",4.0
1929,GPC 온라인,[직장 내 괴롭힘 예방 교육] 누구나 상처받지 않는 건전한 직장문화 개선을 위해,1.0
1930,GPC 온라인,100분만에 완전 정복! PPT 응급키트,4.0
1931,GPC 온라인,2040 AI 시대를 리드할 미래 인재,4.0
1932,GPC 온라인,2D도면작업(AutoCAD를 이용한 도면화 기초),16.0
1933,GPC 온라인,4차 산업혁명 신산업 기술 이해 (2023년),15.0
1934,GPC 온라인,"4차 산업혁명, 용어 속의 본질을 보라",4.0
1935,GPC 온라인,4차산업혁명과 스마트제조,8.0
1936,GPC 온라인,"AI 시대, 인간의 경쟁력",4.0
1937,GPC 온라인,세상을 바꾸는 모빌리티,4.0
1938,GPC 온라인,CATIA를 활용한 3D 설계,16.0
1939,GPC 온라인,알아두면 쓸모 있는 미래모빌리티공학,4.0
1940,GPC 온라인,CNC 밀링(머시닝센터)가공 CAM 프로그래밍,16.0
1941,GPC 온라인,CNC 선반 프로그램과 활용,24.0
1942,GPC 온라인,CO2용접_1,15.0
1943,GPC 온라인,CO2용접_2,15.0
1944,GPC 온라인,Excel을 활용한 데이터 리터러시,15.0
1945,GPC 온라인,E-모빌리티 시대를 여는 배터리 기술,12.0
1946,GPC 온라인,IATF16949 내부심사원 및 품질부서 실무(관리)자를 위한 Core Tool 이해,20.0
1947,GPC 온라인,IATF16949 자동차품질경영시스템의 이해,20.0
1948,GPC 온라인,"IT 혁명의 역사, 새로운 역사",4.0
1949,GPC 온라인,LED 동작 및 구동 개론_1,15.0
1950,GPC 온라인,LED 동작 및 구동 개론_2,15.0
1951,GPC 온라인,PCB설계 part1,16.0
1952,GPC 온라인,PCB설계 part2,16.0
1953,GPC 온라인,PLC 기본(Master-K),16.0
1954,GPC 온라인,PLC 기본(MELSEC)_1,16.0
1955,GPC 온라인,PLC 기본(MELSEC)_2,14.0
1956,GPC 온라인,PLC 기본(OMRON),22.0
1957,GPC 온라인,PLC 기본(XGT/XGK)_1,16.0
1958,GPC 온라인,PLC 기본(XGT/XGK)_2,14.0
1959,GPC 온라인,PLC를 이용한 공압시스템 제어,15.0
1960,GPC 온라인,Python을 활용한 데이터 분석 실습,4.0
1961,GPC 온라인,가솔린 전자제어 장치 정비,16.0
1962,GPC 온라인,감성 콘텐츠로 퍼스널 브랜딩하라,4.0
1963,GPC 온라인,감정 수업,4.0
1964,GPC 온라인,갑질예방교육,8.0
1965,GPC 온라인,개인정보보호 기획,14.0
1966,GPC 온라인,거꾸로 보는 팀워크 심리학,4.0
1967,GPC 온라인,"계측기 관련(오실로스코프, 펑션제너레이터등)",10.0
1968,GPC 온라인,고용노동부·보건복지부가 함께 하는 장애인인식개선교육,3.0
1969,GPC 온라인,고전압 배터리 충전 및 분배시스템,10.0
1970,GPC 온라인,고전압 배터리 컨트롤 시스템 정비,8.0
1971,GPC 온라인,공급체인관리론 (2023년),12.0
1972,GPC 온라인,공기압제어 part 1,12.0
1973,GPC 온라인,공기압제어 part 2,14.0
1974,GPC 온라인,공압 시스템 설계 및 제어,15.0
1975,GPC 온라인,공정관리와 빅데이터 활용,16.0
1976,GPC 온라인,공학도를 위한 MATLAB 기초,8.0
1977,GPC 온라인,관리회계 실무,16.0
1978,GPC 온라인,광학현미경 조직검사,12.0
1979,GPC 온라인,구조해석용 모델링,16.0
1980,GPC 온라인,"굿 프라핏의 조건, ESG",4.0
1981,GPC 온라인,"그들의 성공비법, 인문학",4.0
1982,GPC 온라인,근로자 작업환경관리,16.0
1983,GPC 온라인,글로벌 인재의 조건,4.0
1984,GPC 온라인,금속 부식의 기초,8.0
1985,GPC 온라인,기계 안전 교육,10.0
1986,GPC 온라인,기계·전기 등 설비점검,14.0
1987,GPC 온라인,기계가공을 위한 3차원측정(기초),10.0
1988,GPC 온라인,기계설계 요구사항분석,8.0
1989,GPC 온라인,기계설계 원가산정 (2023년),8.0
1990,GPC 온라인,기계설비 안전대책 수립과 스마트 팩토리(산업용 로봇) 안전 확보,12.0
1991,GPC 온라인,기계요소설계 도면검토 (2023년),12.0
1992,GPC 온라인,기계재료 및 열처리기초 (2023년),16.0
1993,GPC 온라인,기계적 재료시험 part 1,8.0
1994,GPC 온라인,기계적 재료시험 part 2,8.0
1995,GPC 온라인,기계품질 개선 관리,16.0
1996,GPC 온라인,"기술의 변화, 변화의 파도에 올라타라",3.0
1997,GPC 온라인,"기술이 만든 역사, 기술이 만들 미래",4.0
1998,GPC 온라인,기후변화가 바꾸는 세계경제,4.0
1999,GPC 온라인,끌리는 브랜드의 법칙,4.0
2000,GPC 온라인,나는 안전환경 담당자입니다,4.0
2001,GPC 온라인,나와 조직을 성장시키는 팀워크 향상 노하우,4.0
2002,GPC 온라인,내 삶의 옥편,4.0
2003,GPC 온라인,내일을 여는 고전문학,4.0
2004,GPC 온라인,너와 다른 나,4.0
2005,GPC 온라인,네트워크 보안 전문가,16.0
2006,GPC 온라인,당신의 커뮤니케이션 능력이 향상됐습니다,4.0
2007,GPC 온라인,데이터 기반 제조현장의 4M 분석,8.0
2008,GPC 온라인,동력전달 요소설계 (2023년),10.0
2009,GPC 온라인,딥러닝 입문,8.0
2010,GPC 온라인,로봇소프트웨어의 이해,10.0
2011,GPC 온라인,숫자로 보는 비즈니스 세상,4.0
2012,GPC 온라인,메타버스 시대 마케팅 전략,4.0
2013,GPC 온라인,메타버스 시대의 실감콘텐츠(VR/AR)의 이해,4.0
2014,GPC 온라인,"메타버스, 새로운 시대를 열다",4.0
2015,GPC 온라인,멘토 리더십,12.0
2016,GPC 온라인,모터 제어,16.0
2017,GPC 온라인,모터기초이론_1,14.0
2018,GPC 온라인,모터기초이론_2,14.0
2019,GPC 온라인,"문제해결의 열쇠, 논리학",4.0
2020,GPC 온라인,"미래의 연금술사, 재료공학기술자의 세계",4.0
2021,GPC 온라인,미래자동차개론,14.0
2022,GPC 온라인,미래탐색과 생애설계,26.0
2023,GPC 온라인,AI 비즈니스 임팩트,4.0
2024,GPC 온라인,"밀레니얼, 웬만해선 그들과 일할 수 없다",4.0
2025,GPC 온라인,반도체 재료 및 소자,8.0
2026,GPC 온라인,반도체 제품 기능·성능 검증,8.0
2027,GPC 온라인,보안 운영관리 part1,8.0
2028,GPC 온라인,보안 운영관리 part2,12.0
2029,GPC 온라인,비개발자를 위한 IT지식,4.0
2030,GPC 온라인,비교측정,13.0
2031,GPC 온라인,비즈니스 단어 노트,4.0
2032,GPC 온라인,비파괴검사의 이해1,3.0
2033,GPC 온라인,비파괴검사의 이해2,5.0
2034,GPC 온라인,빅데이터 분석 결과 시각화,20.0
2035,GPC 온라인,빅데이터 분석 기획,11.0
2036,GPC 온라인,빅데이터 분석을 위한 R 프로그래밍(기본),10.0
2037,GPC 온라인,빅데이터 요구사항 분석,8.0
2038,GPC 온라인,빅데이터 이해와 활용,13.0
2039,GPC 온라인,빅데이터 입문,5.0
2040,GPC 온라인,빅데이터 플랫폼의 이해,8.0
2041,GPC 온라인,사례로 보는 인권경영,1.0
2042,GPC 온라인,사물인터넷,8.0
2043,GPC 온라인,사물인터넷 디바이스 소프트웨어,12.0
2044,GPC 온라인,사물인터넷 디바이스 프로그래밍 기초,9.0
2045,GPC 온라인,"사물인터넷, 삶과 미래를 잇다",4.0
2046,GPC 온라인,"사상, 미래를 읽는 눈",4.0
2047,GPC 온라인,사출금형 2D도면작성 (2023년),16.0
2048,GPC 온라인,사출금형 기초 3D 모델링,16.0
2049,GPC 온라인,사출금형 부품 CNC 가공,8.0
2050,GPC 온라인,사출성형공정검토 part 1,16.0
2051,GPC 온라인,사출성형공정검토 part 2,8.0
2052,GPC 온라인,산업안전보건법 개정 이해하기,10.0
2053,GPC 온라인,"상식의 변화, 미래는 이미 시작됐다",2.0
2054,GPC 온라인,실리콘밸리는 어떻게 일할까?,4.0
2055,GPC 온라인,생존을 위한 선택 디지털 트랜스포메이션,4.0
2056,GPC 온라인,서보모터제어(이론),16.0
2057,GPC 온라인,선반가공 도면해독 (2023년),14.0
2058,GPC 온라인,설계품질관리 part 1,16.0
2059,GPC 온라인,설계품질관리 part 2,16.0
2060,GPC 온라인,성공을 부르는 비즈니스 스피치,8.0
2061,GPC 온라인,성공하는 직장인의 대인관계 노하우,4.0
2062,GPC 온라인,성과를 내는 인재의 소통과 협업 스킬,8.0
2063,GPC 온라인,성별특성인식교육,8.0
2064,GPC 온라인,세상을 바꾸는 신소재 전문가의 길,4.0
2065,GPC 온라인,센서 기초 원리,8.0
2066,GPC 온라인,센서 데이터 계측,14.0
2067,GPC 온라인,소프트웨어공학 활용,20.0
2068,GPC 온라인,수소 에너지의 수송 및 활용,8.0
2069,GPC 온라인,수소경제 이해하기,4.0
2070,GPC 온라인,스마트공장 운영 최적화,9.0
2071,GPC 온라인,스마트공장을 위한 생산관리,8.0
2072,GPC 온라인,스마트설비 설계기획,8.0
2073,GPC 온라인,스마트설비 안전설계,15.0
2074,GPC 온라인,시스템 소프트웨어 펌웨어 설계,12.0
2075,GPC 온라인,시스템 유지보수관리,15.0
2076,GPC 온라인,시스템소프트웨어설계 part 1,8.0
2077,GPC 온라인,시스템소프트웨어설계 part 2,16.0
2078,GPC 온라인,실전에 강해지는 인사노무 A to Z (2023년),14.0
2079,GPC 온라인,실전에서 자주 쓰는 인포그래픽 핵심 패턴,4.0
2080,GPC 온라인,애프터이펙트 개념 활용 마스터,16.0
2081,GPC 온라인,"언제, 어디서나 업무의 효율을 높이는 Excel 2016",20.0
2082,GPC 온라인,"언제, 어디서나 업무의 효율을 높이는 PowerPoint 2016",20.0
2083,GPC 온라인,역사적 사건과 경제,4.0
2084,GPC 온라인,영상 크리에이터를 위한 프리미어 프로,14.0
2085,GPC 온라인,오토캐드를 활용한 2D도면작업,16.0
2086,GPC 온라인,오픈 API를 활용한 인공지능 챗봇 구현(기본),8.0
2087,GPC 온라인,요소공차검토,16.0
2088,GPC 온라인,요소부품 설계검토,16.0
2089,GPC 온라인,요즘 애들,4.0
2090,GPC 온라인,요즘 팀장은 이렇게 일합니다,4.0
2091,GPC 온라인,유압 시스템 설계 및 제어,18.0
2092,GPC 온라인,유압요소설계 part 1,17.0
2093,GPC 온라인,유압요소설계 part 2,13.0
2094,GPC 온라인,유연함의 기술,4.0
2095,GPC 온라인,응용 SW 기초 기술 활용 part 1,16.0
2096,GPC 온라인,응용 SW 기초 기술 활용 part 2,16.0
2097,GPC 온라인,인간관계의 심리학,4.0
2098,GPC 온라인,"인간을 이해하는 기술, 기술을 이해하는 인간",4.0
2099,GPC 온라인,인공지능 기술 및 서비스 이해,8.0
2100,GPC 온라인,인공지능 시대를 말하다,4.0
2101,GPC 온라인,인공지능(AI) 기반 비정형 데이터 분석,16.0
2102,GPC 온라인,인공지능(AI) 데이터 수집,12.0
2103,GPC 온라인,인공지능(AI) 서비스 개발 기초,8.0
2104,GPC 온라인,인공지능(AI) 서비스 활용 기획,12.0
2105,GPC 온라인,인공지능(AI) 설계 및 요구사항 분석,12.0
2106,GPC 온라인,"인공지능과 사람, 함께 산다는 것",4.0
2107,GPC 온라인,인문학으로 나를 경영하라,4.0
2108,GPC 온라인,인문학을 사랑했던 위대한 엔지니어들,4.0
2109,GPC 온라인,일 잘하는 사람의 시간은 다르게 흘러간다,4.0
2110,GPC 온라인,일반열처리,18.0
2111,GPC 온라인,일상 속의 뇌과학,4.0
2112,GPC 온라인,일잘러가 보고서 쓰는 법,4.0
2113,GPC 온라인,자기관리의 모든 것,4.0
2114,GPC 온라인,자동제어시스템 개념,12.0
2115,GPC 온라인,자동제어시스템 유지정비,16.0
2116,GPC 온라인,자동차 냉난방장치정비,15.0
2117,GPC 온라인,자동차 전기전자정비 기초,8.0
2118,GPC 온라인,자동차섀시 실차정비,8.0
2119,GPC 온라인,자율주행 경로 생성,12.0
2120,GPC 온라인,자율주행 센서 퓨전,9.0
2121,GPC 온라인,자율주행 인지기술,10.0
2122,GPC 온라인,자율주행 제어기술,15.0
2123,GPC 온라인,자율주행 판단기술,9.0
2124,GPC 온라인,자율주행(SLAM),15.0
2125,GPC 온라인,자율주행차 구현을 위한 SW 개발,12.0
2126,GPC 온라인,자율주행차 메커니즘 이해,16.0
2127,GPC 온라인,자율주행차 통신 기초,12.0
2128,GPC 온라인,자율주행차를 위한 ROS 로봇 프로그래밍 기본,10.0
2129,GPC 온라인,자율주행차용 센서 퓨전 구현,12.0
2130,GPC 온라인,자율주행차의 이해,2.0
2131,GPC 온라인,자존감 수업,4.0
2132,GPC 온라인,재료 시험 분석,20.0
2133,GPC 온라인,재미있게 배우는 기초전자회로,5.0
2134,GPC 온라인,재미있게 배우는 전기회로 (2023년),30.0
2135,GPC 온라인,전 세계가 주목하는 ESG 경영,4.0
2136,GPC 온라인,전기기기 기초,16.0
2137,GPC 온라인,전기동력자동차 개론,12.0
2138,GPC 온라인,전기자동차 감속기 시스템 이론,4.0
2139,GPC 온라인,전기자동차 고전압과 안전,3.0
2140,GPC 온라인,전기자동차 기초,8.0
2141,GPC 온라인,전기자동차 전기장치 정비 (2023년),16.0
2142,GPC 온라인,전기전자부품 및 소자활용,22.0
2143,GPC 온라인,전기차 에너지 저장장치,14.0
2144,GPC 온라인,전기차 전기기기 제어,12.0
2145,GPC 온라인,전기차 전기기기 특성과 설계방향,14.0
2146,GPC 온라인,전기차와 내연기관차 비교,12.0
2147,GPC 온라인,전자기기 소프트웨어 개발을 위한 요구사항 분석하기,10.0
2148,GPC 온라인,전자기기 소프트웨어 개발의 이해,10.0
2149,GPC 온라인,전자기기 하드웨어 개발을 위한 부품 선정하기,10.0
2150,GPC 온라인,전자기기 하드웨어 개발을 위한 요구사항 분석하기,10.0
2151,GPC 온라인,전자기기 하드웨어 개발의 이해,8.0
2152,GPC 온라인,전자부품 종류와 식별법,10.0
2153,GPC 온라인,전자제품 품질관리,20.0
2154,GPC 온라인,전자제품 품질보증 part 1,12.0
2155,GPC 온라인,전자제품 품질보증 part 2,16.0
2156,GPC 온라인,전자회로 기본 Ⅰ,15.0
2157,GPC 온라인,전자회로 기본 Ⅱ,15.0
2158,GPC 온라인,정밀측정 part 1,16.0
2159,GPC 온라인,정밀측정 part 2,16.0
2160,GPC 온라인,정보 보안 실무,20.0
2161,GPC 온라인,정보보호개론,24.0
2162,GPC 온라인,제품스캐닝,20.0
2163,GPC 온라인,조선 시대 르네상스를 이끈 영·정조의 리더십,4.0
2164,GPC 온라인,중대재해처벌법 제정 이해하기,6.0
2165,GPC 온라인,중대형 이차전지 시스템 제어/설계,15.0
2166,GPC 온라인,중소기업 기술보호 이해 및 핵심수칙,2.0
2167,GPC 온라인,"지금 이 순간, 열정으로 나빌레라",4.0
2168,GPC 온라인,직장인이 꼭 알아야 할 직업윤리,4.0
2169,GPC 온라인,차량동력차 전력전자,15.0
2170,GPC 온라인,차량동역학 및 제어,15.0
2171,GPC 온라인,차량용 전동기 구동 이론,10.0
2172,GPC 온라인,창의력도 매니지먼트 하라,20.0
2173,GPC 온라인,창의력의 비밀,4.0
2174,GPC 온라인,창의적 아이디어를 얻는 생각 실험,4.0
2175,GPC 온라인,챗GPT 업무 활용법,4.0
2176,GPC 온라인,체결요소설계,16.0
2177,GPC 온라인,충전장치정비,16.0
2178,GPC 온라인,치공구요소설계,15.0
2179,GPC 온라인,친환경 전기자동차,4.0
2180,GPC 온라인,카메라 센서 응용 및 제어,12.0
2181,GPC 온라인,"커뮤니케이션의 핵심기술, 공감과 경청",8.0
2182,GPC 온라인,"코로나 이후 세계, 넥스트 노멀",4.0
2183,GPC 온라인,타임 매니지먼트,4.0
2184,GPC 온라인,탄소 중립이란 무엇인가,4.0
2185,GPC 온라인,통계 기반 데이터 분석,19.0
2186,GPC 온라인,파이널 컷 프로 초급,8.0
2187,GPC 온라인,파이썬 라이브러리로 하는 데이터 분석과 시각화,12.0
2188,GPC 온라인,파이썬 프로그래밍(2019년),16.0
2189,GPC 온라인,파이썬을 활용한 이미지 데이터 분석,17.0
2190,GPC 온라인,포스트 코로나 시대의 커뮤니케이션,4.0
2191,GPC 온라인,품질관리기초,7.0
2192,GPC 온라인,프레스금형 2D도면작성,16.0
2193,GPC 온라인,프레스금형 3D 모델링 part 1,14.0
2194,GPC 온라인,프레스금형 3D 모델링 part 2,16.0
2195,GPC 온라인,프레스금형설계 도면해독 part 1 (2023년),10.0
2196,GPC 온라인,프레스금형설계 도면해독 part 2,16.0
2197,GPC 온라인,프레스금형제작 CAM 데이터 생성 및 CNC 가공,12.0
2198,GPC 온라인,프레젠테이션,13.0
2199,GPC 온라인,프로 일잘러가 되는 법,4.0
2200,GPC 온라인,하드웨어 회로 구현설계,15.0
2201,GPC 온라인,하드웨어 회로 설계,16.0
2202,GPC 온라인,하이브리드 고전압장치 정비 (2023년),12.0
2203,GPC 온라인,현장 제어기기 운영,10.0
2204,GPC 온라인,사출금형 도면해독(2020년),16.0
2205,GPC 온라인,기본공구사용법(2020년),8.0
2206,GPC 온라인,내 몸값을 올리는 효과적인 시간관리(2020년),8.0
2207,GPC 온라인,산업재해관리(2020년),13.0
